rank_number,address,balance,perc,cumulative_perc
1,0x38dfd788db4cfab7b9da57b06cfc06c6e0f33c3b,150071.71779129113,0.089913020850903,0.089913020850903
2,0x5b7575494b1e28974efe6ea71ec569b34958f72e,106053.2719061831,0.0635400872899216,0.1534531081408247
3,0xdf290293c4a4d6ebe38fd7085d7721041f927e0a,69337.51323315765,0.041542439607128,0.1949955477479527
4,0x45602bfba960277bf917c1b2007d1f03d7bd29e4,59165.981018494575,0.0354483320593319,0.2304438798072846
5,0xf41deff41016216346270e302dc0a5dd4913dada,57797.94568253054,0.03462869601133,0.2650725758186147
6,0xaa01dec5307cf17f20881a3286dcaa062578cea7,54747.176602338586,0.0328008774992499,0.2978734533178646
7,0x5acbeb30fde4049a8fc928f562d9ce5fdad59d32,52247.66552079205,0.0313033362216541,0.3291767895395188
8,0x839395e20bbb182fa440d08f850e6c7a8f6f0780,51481.391723487606,0.0308442357800216,0.3600210253195404
9,0x7221b104fba7701084759fd25faca19ac6300855,51337.0,0.0307577258350718,0.3907787511546122
10,0x2b888954421b424c5d3d9ce9bb67c9bd47537d12,40081.0,0.0240138771099892,0.4147926282646014
11,0x71641d6656ffb673f471ea292ea09ac528cc4df2,38718.67362732598,0.0231976614941839,0.4379902897587854
12,0x98f6a05f0cf0a07c9cb988ee152f346b34d6b8da,28440.73311244004,0.0170398011496753,0.4550300909084607
13,0xcb59b745668aa7f6d6da1c92641d6d60d8f5c4be,28041.46204999843,0.0168005844079012,0.4718306753163619
14,0x778549eb292ac98a96a05e122967f22efa003707,26099.85419940045,0.0156373017472876,0.4874679770636496
15,0xc131afe6dbd5a71f16d8b292f0b4ae1aa200da3f,25752.052410310436,0.0154289219807688,0.5028968990444185
16,0x40dc654af5ce40c122ffdc679fa8e8ca8b91556a,24500.0,0.014678775210068,0.5175756742544865
17,0x8289432acd5eb0214b1c2526a5edb480aa06a9ab,24418.772480539432,0.0146301090672503,0.5322057833217368
18,0x955327d8f7589725fdc23af8cd27bff7f6f3ed0b,24143.767,0.0144653440211125,0.5466711273428494
19,0xe5ac570506ff6289146cc43626d6af540aa67241,23368.86429378815,0.0140010737095143,0.5606722010523637
20,0xcf52f1402e73418bc5e6accbd246ee8dfb055605,23024.831808530944,0.0137949522598795,0.5744671533122433
21,0x852b8763ecb27beddc190d1792029bc17fd5439a,20779.286972497583,0.0124495707140729,0.5869167240263162
22,0xb2821c0df0c414ff51d3e8033cba26df6aac587b,18737.73574318102,0.0112264086089718,0.5981431326352881
23,0xf8d1d34956cea24718cf8687588d6fedbc6d9aa6,18699.60761033449,0.01120356476035,0.6093466973956382
24,0x7d547666209755fb833f9b37eebea38ebf513abb,16708.787787101035,0.0100107975493708,0.619357494945009
25,0xc46c67bb7e84490d7ebdd0b8ecdaca68cf3823f4,15567.86647574337,0.0093272331631751,0.6286847281081841
26,0x8a8fd287f9c0d69c8d749b32e10a1e0a96dedcf3,15080.92246111307,0.0090354886027405,0.6377202167109247
27,0xcf79c7eaec5bdc1a9e32d099c5d6bdf67e4cf6e8,14458.295220847544,0.0086624516517396,0.6463826683626643
28,0x763d7d362b59aea3858a92a302e18cd41b1252d4,13320.782610602257,0.0079809295331923,0.6543635978958567
29,0x7944fc7bd79b25e6ffe24921d88a1f36f22be843,12723.238120499807,0.0076229205026524,0.6619865183985092
30,0x27c72e4bd23c910218d8f06c4a1742e06657c874,12018.30276063058,0.0072005699848912,0.6691870883834005
31,0x05a1ff0a32bc24265bcb39499d0c5d9a6cb2011c,11405.864659628469,0.006833637690414,0.6760207260738146
32,0xb8c2c29ee19d8307cb7255e1cd9cbde883a267d5,11250.0,0.0067402539229904,0.682760979996805
33,0xb760fe1bbc4a2752abcbb28291a57cb0ca99ff44,10563.361346989184,0.0063288655785785,0.6890898455753836
34,0x9aa6db877742ad8d8c7fe209f561fbd2be19d5f4,10556.31340241248,0.0063246429175935,0.695414488492977
35,0x0faad92032b0984642a29bc9dcafc35d70474bc7,10462.795797870484,0.0062686133708483,0.7016831018638254
36,0x865c2f85c9fea1c6ac7f53de07554d68cb92ed88,10069.0,0.0060326770444969,0.7077157789083224
37,0xf0cdfa126a944849a6e9982253cd5259afae0355,10000.0,0.0059913368204359,0.7137071157287583
37,0x1dba1131000664b884a1ba238464159892252d3a,10000.0,0.0059913368204359,0.7196984525491943
39,0xcf0fa79c915f12592c352ffe35000fda5c96a158,9170.30976850929,0.0054942414570872,0.7251926940062816
40,0xc8d65e1bd67f16522e3117b980e1c9d2caeb9dc3,8988.908314722981,0.0053855577361522,0.7305782517424338
41,0x94860ea6872d863e91f3ce3f8cf574ef0859620b,8245.08131688724,0.0049399059281354,0.7355181576705693
42,0x8110d1d04ac316fdcace8f24fd60c86b810ab15a,8000.0,0.0047930694563487,0.740311227126918
43,0x75d923fbbc9d224ad4a92c370dcc60043010648f,7978.885161,0.0047804188451129,0.7450916459720309
44,0x62e4851e88bec4f5c5ee3dd347f2c601a18af1af,7756.186193022491,0.0046469923924412,0.7497386383644722
45,0x978aad63fe35f7a72573c411c3dff53608aaeac9,7719.076660376418,0.004624758821508,0.7543633971859802
46,0xf0a3b6daac28a0fce094f2cf264e040373d86f3f,7704.09448926055,0.0046157824981624,0.7589791796841426
47,0xaee23b2c38732a191aa5ce33d2db5efcf51868ae,7521.403826732297,0.0045063263688468,0.7634855060529895
48,0x85ed40dbca94b5bc73c6c7ec7f4ecaad04a03a22,7079.586749257821,0.0042416188764298,0.7677271249294193
49,0xc6b0a4c5ba85d082ecd4fb05fbf63eb92ac1083a,6934.967373145798,0.004154972537125,0.7718820974665443
50,0x99272db5353e13c18b711d99d3a8f36ba459f747,6560.161506544184,0.0039304137182164,0.7758125111847608
51,0xdf00e071996de3336899bbd5722592b3d972e788,6548.36727393465,0.0039233473962062,0.7797358585809671
52,0xfda4271cdfe69f8f8df7f39b2248e775166ff632,6365.009999999999,0.0038134918775442,0.7835493504585114
53,0xd91ec22114897e5e68997f77a6182de3cb09ba9b,6301.451629091784,0.0037754119167573,0.7873247623752687
54,0x1df428833f2c9fb1ef098754e5d710432450d706,6209.424833983653,0.0037202755641575,0.7910450379394263
55,0xf5dcd98a1c99c2c65c62025cb23cfb6f12f35497,6202.855302892844,0.0037163395368058,0.7947613774762321
56,0x0d1331af19df0110826aaec6f6ef7debf85bf107,6120.871031008744,0.0036672199981222,0.7984285974743544
57,0x8aac40061e258d6e45fd13e214710abdf356285a,5887.207529958248,0.0035272243243786,0.801955821798733
58,0x3c63b262c54f45ba1ca8e127f14a2b93fdc826ca,5885.484458838296,0.0035261919744341,0.8054820137731672
59,0xec952ed8e7c2aa466cac36fd611d2e87df1243d7,5642.68028704082,0.0033807198169695,0.8088627335901367
60,0x6dc43be93a8b5fd37dc16f24872babc6da5e5e3e,5500.0,0.0032952352512397,0.8121579688413765
61,0x34aa3f359a9d614239015126635ce7732c18fdf3,5449.999999999999,0.0032652785671375,0.815423247408514
62,0xb2d60143097b4f992bfbe955a22dbb2acd9a8eab,5283.368339220287,0.0031654439266695,0.8185886913351836
63,0x2fee53687906ba239602ed42cceee2ac8a4ada36,5181.885898355907,0.0031046423782117,0.8216933337133954
64,0x1d8a08c8c3ce0a852cb4da902754991759f7f625,5118.60331675711,0.0030667276520892,0.8247600613654846
65,0x1026effae689c49f3655e74dc45c8869e3f6fd35,5000.0,0.0029956684102179,0.8277557297757026
65,0x7f93e58a999d85879c2f051619f6879ba771f2bf,5000.0,0.0029956684102179,0.8307513981859205
67,0x1baec9d58603f6eaeddbd66acc56db76215fc8d6,4999.0,0.0029950692765359,0.8337464674624564
68,0x0bf920dfe6d36829ab5b0e153857d4ca689e46fb,4879.869356602975,0.0029236940955132,0.8366701615579696
69,0xb08f0ca73e8a59a1b7970e22b8ed2f9142c3fa53,4549.980076928803,0.0027260463167153,0.8393962078746849
70,0x2723875bff110974e712019e4ab631dcac97910d,4542.126008985068,0.0027213406800691,0.8421175485547542
71,0xb20a327c9b4da091f454b1ce0e2e4dc5c128b5b4,4469.058061477894,0.0026775632116398,0.844795111766394
72,0x224aba5d489675a7bd3ce07786fada466b46fa0f,4311.05336733558,0.0025828972774581,0.8473780090438522
73,0x536c7e8f18d09d04697e0d2624b44bba575388c2,4215.253070060066,0.0025255000926106,0.8499035091364628
74,0xc89ed88b54fd663b86ffd76f6ad2cda09d2ce13c,4100.320954081929,0.0024566403907795,0.8523601495272425
75,0xfcbc07905fee2d64025461b8ddb27f77f256827f,3820.2044786045312,0.0022888131754257,0.8546489627026682
76,0xa0f780d46f103db59cfc5ffec8b25ffd36940ea7,3750.869323683277,0.0022472721487627,0.856896234851431
77,0x9ac9c636404c8d46d9eb966d7179983ba5a3941a,3677.851857219388,0.0022035249252267,0.8590997597766576
78,0xdf8f53b9f83e611e1154402992c6f6cb7daf246c,3649.67257105386,0.002186641765749,0.8612864015424067
79,0x29567bdbcc92acf37ac6b56b69180857bb69f7d1,3625.843987,0.0021723652584469,0.8634587668008535
80,0x57f540a736a647ef2d2ef9cd823c4a4e655858a4,3602.050105524104,0.0021581095426281,0.8656168763434817
81,0x8041748a2a16e9b7a3980107f4376774421642c8,3554.378126942582,0.0021295476545703,0.867746423998052
82,0x8f942eced007bd3976927b7958b50df126feecb5,3500.0,0.0020969678871525,0.8698433918852045
83,0xd6f5646d9e7fbee7cc907eb8e12dafa5378431e6,3463.693031362682,0.002075215159349,0.8719186070445536
84,0xd3f8a83dd0f5c873be0973dbd67bf0d441ae49d0,3401.4406418539206,0.0020379176560066,0.8739565247005603
85,0xefb49ddb9511180aeefd78da68ea4977fe02b0cb,3383.345081694733,0.0020270759964198,0.8759836006969801
86,0x701d0ecb3ba780de7b2b36789aec4493a426010a,3361.815916000085,0.0020141771481058,0.877997777845086
87,0xad2dcb058f10b4e11611f9c1fc0aa1a532e270d6,3341.416707782569,0.0020019552953757,0.8799997331404618
88,0xf35960302a07022aba880dffaec2fdd64d5bf1c1,3300.0,0.0019771411507438,0.8819768742912056
89,0xf503017d7baf7fbc0fff7492b751025c6a78179b,3165.681555832828,0.0018966664467236,0.8838735407379292
90,0xcaaa39294a02bf3bf6a806d11d687e244ce56378,3114.803139840067,0.0018661834740133,0.8857397242119426
91,0x5041a1c1dcc760337e99b03db60feaf5f6f6c802,3090.969682,0.0018519040466617,0.8875916282586044
92,0x16e8d400ed871fb5e74a2db3c680838c9d383a26,3076.63,0.0018433126601857,0.8894349409187902
93,0x48a63097e1ac123b1f5a8bbffafa4afa8192fab0,3000.0,0.0017974010461307,0.891232341964921
93,0x92b0fd2bd1991b2bdbb1306a719bd45dbfa46768,3000.0,0.0017974010461307,0.8930297430110518
95,0xcb5fba4419abc4d7c11af0c24ba0f2e555407f5b,2925.6689682624697,0.0017528668213957,0.8947826098324475
96,0xf83775c95a00612d4cac5053dd484ffa81bae0ad,2913.0717829595383,0.0017453194233818,0.8965279292558294
97,0x72e1638bd8cd371bfb04cf665b749a0e4ae38324,2910.0,0.0017434790147468,0.8982714082705762
98,0xd602d991dc99f6632c9f1e587d93c3c8ce7220b6,2863.694092152441,0.0017157355856777,0.8999871438562539
99,0xf23ea0b5f14afcbe532a1df273f7b233ebe41c78,2824.173008629976,0.0016920571733886,0.9016792010296424
100,0x59ae7f21d18b2f5fdc7a99c4fd6dd9e67cec0bc9,2779.853163587538,0.0016655036614407,0.9033447046910832
101,0x9384eb57f892cce158c9ad5446d815cc7584d42b,2772.5074739881006,0.0016611026113838,0.905005807302467
102,0x2fe25372a45d024ade1adeb9dce29e4da1368b35,2675.7523471439736,0.0016031333559811,0.9066089406584482
103,0x00432996c5cf8200cf208200613aec2329be0e39,2650.0,0.0015877042574155,0.9081966449158636
104,0x072e83cde5c102fdcf32be328034e1bb2dadcb01,2646.4184340688325,0.0015855584206316,0.9097822033364954
105,0xff6d6a7718a234a84f740480dbb07f6c09cf1cd5,2627.995787229822,0.001574520792398,0.9113567241288936
106,0xdd505da2e2a8017f38a715948c6b6a2922ba27f0,2606.577065797222,0.0015616881149614,0.912918412243855
107,0xed77a2406bb16f56a5dc5cc6d893f6500585a115,2544.2551970195777,0.0015243489842488,0.914442761228104
108,0xe73a198e7c07c418d7dcfd42f5e953074abbd125,2513.7335549048844,0.0015060624404266,0.9159488236685306
109,0xf592ee0e3a20ddd65882e0fe6bfbb4b465a98ae4,2274.457354298718,0.0013627040093321,0.9173115276778628
110,0xa444987a5d2c45150399c5cec0c8bf719a6dea3e,2214.2032801724968,0.0013266037640427,0.9186381314419054
111,0x2ce202ad36adb3b7515d2e6ec1395f55298dc230,2087.2135492329767,0.0012505199389632,0.9198886513808686
112,0xa81fa36c51c95b52431038352d3d452c5de5e6e8,2086.2550020377957,0.0012499456410527,0.9211385970219214
113,0x2920620b47d51170319a531a2d6d5810610e8c2a,2028.2099784835416,0.0012151689123663,0.9223537659342878
114,0xcbc473f08a515cd8e612f63a254278879f1ed315,2000.0,0.0011982673640871,0.923552033298375
115,0x05d9eea07cf58f6ed205e4b5ca59a1c98114c459,1998.4982290809849,0.0011973676025468,0.9247494009009218
116,0xdee4fbf0b62febe20000826eaeb939e2cc7876b4,1981.7014982799296,0.0011873041153757,0.9259367050162975
117,0xb1a549920b38b2f7c80443b49b5a75db3a4cd5f5,1884.8527059927087,0.0011292787418512,0.9270659837581487
118,0x77d40c87d423efb7ec576e80998a48377adf86df,1856.039218513929,0.0011120156110055,0.9281779993691543
119,0x864f2c20f55d7b6e80e65332c372c855a67be451,1844.571797691994,0.0011051450929449,0.9292831444620994
120,0x7e75c3fbe3aa9007d9e93eb948e02329b8b35dfe,1800.0,0.0010784406276784,0.9303615850897778
121,0xbbd107d7717f9d8556aa0abd444bc8ae6e288956,1789.9533800000002,0.0010724213592457,0.9314340064490236
122,0xae9a1bbd8a53e6bd845d1b493cd174e6b0531eb8,1778.925120508348,0.00106581395753,0.9324998204065535
123,0xdc0046b52e2e38aee2271b6171ebb65ccd337518,1777.34,0.0010648642584433,0.933564684664997
124,0x703fbd74399f71103604e3c7ea9f54cbb43f718a,1755.8675019999998,0.0010519993616539,0.9346166840266508
125,0xb3e43abf014cb2d8cf8dc3d8c2e62157e6093343,1754.1609290928434,0.0010509768963444,0.9356676609229952
126,0x39c00e3584a2176f55bb31bdc3450889927f5016,1636.4159016676597,0.0009804318845208,0.936648092807516
127,0xa70c50a58473b12e8da58f1471d48c1ad8b3415a,1633.6198279860057,0.0009787566626006,0.9376268494701168
128,0x5ad3b55625553cef54d7561cd256658537d54aad,1575.0,0.0009436355492186,0.9385704850193354
129,0x0f46540678c7e6d2ef983b382cc07fa815ab148c,1526.260043239338,0.0009144337994619,0.9394849188187974
130,0x874b3e815b02d3dcd5008fdee96127c16292ba1f,1476.2308159373151,0.0008844596042987,0.940369378423096
131,0x02317bb3f16ce21e9239c217b21bd18aa24ab0d3,1475.5642328532947,0.0008840602319212,0.9412534386550172
132,0xc7bf5da444c923aaa80d77d288e86f3246dd4170,1473.2131689142125,0.0008826516303266,0.942136090285344
133,0x3b0459c53fd6fc216fea8817512990c886310386,1410.1543793854075,0.000844870985571,0.942980961270915
134,0x18190831552ec91237d68ff94fe9124ccbac4163,1405.0,0.0008417828232712,0.9438227440941864
135,0xeee2e0166e342e0b56fe9d5b76ce2c8eadd935b4,1381.2799711719042,0.0008275713550612,0.9446503154492476
136,0xac446dd360716acef4e930612dcb1f652a98d750,1374.6777969023258,0.0008236157700816,0.9454739312193292
137,0x6d3b98452c8f2dffa0487ce6c66ca3cc3ab01308,1294.9612395874444,0.0007758548955777,0.946249786114907
138,0x9d5a0ec9dcab69075e4ff40b46813f6d952bbd65,1257.993596063645,0.0007537063351968,0.9470034924501038
139,0xb22981ba3fe1de2325935c91a3b717168fb86714,1250.0,0.0007489171025544,0.9477524095526584
140,0x706e714e63eabaa8602c209ecc92943655e0c7b8,1249.230518934167,0.0007484560805302,0.9485008656331886
141,0x4c8692cc08b14fa8b74b6f313394b8997aad721d,1242.0804941270494,0.0007441722598408,0.9492450378930296
142,0x81e80b838e04644a93e4f3c701038889d3a1b95e,1183.0,0.0007087751458575,0.949953813038887
143,0x6543c99d0e073c140fd08a741c6cfdcd1449da94,1171.9276365282517,0.0007021413199618,0.9506559543588488
144,0x9959dda625ba12809849f9b0f44e660c0f136733,1128.5060462094286,0.0006761259826739,0.9513320803415228
145,0x1e975f53956d644868f3ea25690b1bbeda658565,1123.9199386596804,0.0006733782911713,0.952005458632694
146,0xefa21088f3830cd7d9f526ea268f7aaba34f785f,1103.759144006936,0.0006612992800381,0.9526667579127324
147,0x2915f137dab849f0b27aaab4d0dbd67aaee3c5f0,1075.0,0.0006440687081968,0.9533108266209293
148,0x182312c44a219fd492f3ae177d11120a3ccd2ef3,1039.2947198901295,0.0006226764722562,0.9539335030931854
149,0xa8221b722b624651d48ebc881c4b6e9f17f4d03e,1036.1355251037314,0.0006207836922515,0.954554286785437
150,0x6636a1ccbdf54485067304c1a590de016dead9f0,1015.421455934557,0.0006083731957201,0.9551626599811572
151,0xb08f95dbc639621dbaf48a472ae8fce0f6f56a6e,1000.0,0.0005991336820435,0.9557617936632008
151,0x5b93ff82faaf241c15997ea3975419dddd8362c5,1000.0,0.0005991336820435,0.9563609273452442
151,0x204323a83506ca93ef23731894b450071541e9df,1000.0,0.0005991336820435,0.9569600610272878
151,0x37341cbb14c5f128a70b149726ad8b2ce6f4c793,1000.0,0.0005991336820435,0.9575591947093314
151,0xc5c4f3145b252407e25cfc92da0fb0bce2bc3310,1000.0,0.0005991336820435,0.9581583283913748
156,0xe95a7326b06a97bf30e348e4840c1b8de4dbedf8,999.5129872645568,0.0005988418963102,0.9587571702876851
157,0x4ae70efbc57df5f16fc5fa2ccf016887e6312afb,999.0,0.0005985345483615,0.9593557048360468
158,0x6576dcd9f751c99adb07411b22ddda0be7ffe420,996.09,0.0005967910693468,0.9599524959053936
159,0x6466386897a82cb8c96c8680631da7489f154004,936.5318859662176,0.0005611077971901,0.9605136037025838
160,0x4f8c531df3d97c6cd437ac8dfe756975445d1161,935.4065107,0.0005604335469632,0.961074037249547
161,0x9e476f951dc5af8e4f7fd02c78f0cd765a25c8c0,925.5848169604584,0.0005545490394291,0.9616285862889762
162,0x21c9aba2392dd5e15ce74bf9c8685ac4907b5fab,916.2132741823456,0.000548934232498,0.9621775205214744
163,0x1dc96f305645b5ac12dda5151eb6704677c7db12,899.0,0.0005386211801571,0.9627161417016316
164,0x0363f3c31076a64b85ceb69a28f958a7c1181cee,882.5,0.0005287354744034,0.963244877176035
165,0xed8db37778804a913670d9367aaf4f043aad938b,879.2033494901436,0.000526760340045,0.96377163751608
166,0x47a5ba5be900fc22ad31bec4c1ff54df8e67cd70,868.9849860489753,0.0005206381743321,0.9642922756904122
167,0x14d92832265eeafdef9e526356fefc90105966c3,832.9591914857209,0.0004990539073868,0.9647913295977992
168,0xe50ceff4ecde1a76afc5153a99e5c7f84d1d25c8,808.3884011542686,0.0004843327193048,0.965275662317104
169,0xa4d506434445bb7303ea34a07bc38484cdc64a95,800.0,0.0004793069456348,0.965754969262739
170,0xf32b6e90a3ff5bee0dad681bd488cf9a023d090d,797.9761679264468,0.0004780943996728,0.9662330636624118
171,0xc68e8827fc1dd3b2bc94ca8b0228268f16dd6cf6,790.9673250069109,0.0004738951658075,0.9667069588282192
172,0x9f6b969ee3f9c2b0a528b3029049e34bbd4bdb49,785.3069275886636,0.0004705038310605,0.9671774626592798
173,0xf2283b9c60bdbaf9b0c41b2f52907af7362a3302,762.2766798172754,0.0004567056339148,0.9676341682931948
174,0xd06a907b7baaef9958fedc765f2c1d66c7cb4212,717.9825810388261,0.0004301675474209,0.9680643358406156
175,0xb00784c401d42f03ccbe1e85b9f2a4ae056c7251,717.76,0.0004300341916236,0.9684943700322391
176,0x88b353202e61fffef56bbfbc2748839e7c707e9f,702.2827661623534,0.0004207612595266,0.968915131291766
177,0x29a31e68a5c3b052ac04a663f1e60a2cf184ff53,700.0,0.0004193935774305,0.9693345248691964
178,0x63a32f1595a68e811496d820680b74a5cca303c5,698.3704707707338,0.0004184172715833,0.9697529421407798
179,0x79de94216395eafe072b8b50216b5648edb3f609,697.124896262426,0.0004176710059419,0.9701706131467216
180,0x7710e7e881333fd3396ca5966bed6e72746b612d,694.0504094416951,0.0004158289773326,0.9705864421240544
181,0xc7b2f15b62f186dcc69f35cd9ae833f6de6146ab,692.8926614467612,0.0004151353315135,0.971001577455568
182,0x4194ce73ac3fbbece8ffa878c2b5a8c90333e724,684.3300281947943,0.0004100051695253,0.9714115826250932
183,0x8a79889c80e0e0ae07151acdc4537ffbace553f1,683.1733918085267,0.0004093121897084,0.9718208948148016
184,0xd70a0999e4afcd794ae01dd7194f34d60e5e21f4,668.7871032188704,0.0004006928796547,0.9722215876944564
185,0x8b580433568e521ad351b92b98150c0c65ce69b7,668.7869965195816,0.0004006928157276,0.9726222805101842
186,0x177a68f3c836a2a37a3c594cd16004d7b9589476,651.8680029098537,0.0003905560767897,0.973012836586974
187,0xfb074aba249f6a75eda10996c3efa6d66465b8b3,648.4165423348426,0.000388488190507,0.9734013247774812
188,0xdcdf8164aaf9345e48e747e95b07d2782d09cb40,642.72,0.000385075200123,0.9737863999776042
189,0x80fe61720fe2bb8b54b028f037189de0b13aa50b,632.977600619008,0.0003792382005099,0.9741656381781142
190,0x489add7680605f6fc4806595cd75e65d7f1675eb,632.3172819940535,0.0003788425813808,0.9745444807594952
191,0x9de0c4bcc1fb8faab56aa04c2e18fb3d8b694bbb,631.0605591717026,0.000378089636409,0.974922570395904
192,0x63960487872023231e4c3fbde536c34e2c93de55,620.300489763406,0.0003716429164053,0.9752942133123096
193,0xfe6b3daf5db93c8203316956844b3ae23521a722,615.8891556270057,0.0003689999375415,0.9756632132498512
194,0xe23e317463fac259700d95572ee3417ccbb3cb8c,615.8257283326823,0.0003689619361131,0.9760321751859642
195,0x38f80f8f76b1c44b2beefb63bb561f570fb6ddb6,614.0937779835028,0.0003679242663233,0.9764000994522876
196,0x1375847014ba64517210cbfe185808232cf45d4a,601.5084105842523,0.0003603839488135,0.976760483401101
197,0x56e9cbe44e612aad90737fcd911c4756423c533a,597.6312663171342,0.0003580610210929,0.977118544422194
198,0x85f9c38a44efb45cef47cbf510e6e18cddf2a78a,589.2135919649953,0.0003530177088641,0.977471562131058
199,0x7d990c17573b9fe410767723080fcb1734ff7d5b,587.0,0.0003516914713595,0.9778232536024176
200,0x3e7f054563682c42bd4907b88d0dc27557992576,580.558939790939,0.0003478324152402,0.978171086017658
201,0x7e1f8358943580724290277167b86ab4734752fe,544.165965,0.0003260281582532,0.9784971141759112
202,0xb81e88279f3208001aeda20689d3e5d818758dbf,544.0,0.0003259287230317,0.9788230428989428
203,0x3eb717f284ea6ef65b9d770694bbc6c7e1b1dd84,540.7082444184596,0.0003239565213897,0.9791469994203326
204,0x1c1bfc1763c8e88fccce1b57eefc79a461fa4944,529.3952597479029,0.0003171785312291,0.9794641779515616
205,0x7fcfeb41316c67ca985c652e639367762d5e98da,526.8974755441685,0.0003156820245822,0.979779859976144
206,0x0e76602324bd961e3e928b4bd5dc578b9883df11,519.4890044761754,0.0003112433600329,0.9800911033361768
207,0x3eed07fc683037565e54408a6800c9c3a6f70c45,513.1809334279953,0.0003074639821992,0.9803985673183762
208,0xc154eb56388c8ce13492b3b149d451bb1b42ac5b,503.7828,0.0003018332439142,0.9807004005622904
209,0xf11704511975cc5908f6dbd89be922f5c86c1055,502.8561449244014,0.0003012780536468,0.9810016786159372
210,0x5ac583feb2b1f288c0a51d6cdca2e8c814bfe93b,500.0,0.0002995668410217,0.981301245456959
210,0xf9299c8663d195481cd54b6f7e32bb45ad1c9a2b,500.0,0.0002995668410217,0.9816008122979808
210,0x152ad2e12e102abf64280c5e3d70257effb0ede0,500.0,0.0002995668410217,0.9819003791390026
213,0x933fe343746549ac10d471ce4dfa20baab3ede86,499.0,0.0002989677073397,0.9821993468463424
214,0x16e26789b4052815d450043a637b368bfb3ea63a,482.19754733189023,0.0002889007920053,0.9824882476383476
215,0x1210ba92eb82cc256213c78f0ef9d5212c7034a9,481.5500243565466,0.0002885128391809,0.9827767604775288
216,0xa0a1a1736d98c835bd2608abfe242ba7e65d2126,477.8923260849944,0.0002863213889476,0.9830630818664764
217,0x6432c098bfeda15dd4d0692c46bdb43091a95171,470.88999226644097,0.000282126054904,0.9833452079213804
218,0x44ddf3e35cd2d629d78674ff6bf5b953e2b069fe,469.3832049245019,0.0002812232878558,0.9836264312092364
219,0x5303d37018b0e7e6f4fe8c706b7001735e5d430a,467.3903497458138,0.0002800293011948,0.9839064605104312
220,0x949bba9f1c13f2461835366aebcb53c852dd4308,460.8834782277143,0.0002761308153036,0.9841825913257348
221,0xc91d300d342ec4ebbc61b3ae75dc5d7245109dd9,454.6072415700244,0.0002723705105255,0.9844549618362604
222,0xff6cc994776b77f3b309014ddb6ff09584fde195,451.619157624082,0.0002705802487887,0.9847255420850493
223,0x12a63bd7c98fc55c4402923991685303ca7b75a2,451.37123677688487,0.0002704317110587,0.9849959737961078
224,0xb19df2bce7c036b69b20180413b58012fa328e58,433.65891429651816,0.0002598196620734,0.9852557934581812
225,0x5b4df17ca5a3339d722028a585582693742e5b5a,432.5441056458394,0.0002591517426618,0.9855149452008432
226,0xca4ad39f872e89ef23eabd5716363fc22513e147,432.426,0.0002590809815913,0.9857740261824344
227,0xf780ee9f9e50248e7f8433a132a4b0b00b3da313,426.708320214696,0.0002556553270488,0.9860296815094832
228,0xefcdc3a4164846b7e39c4708a7c816f4459f26bf,421.3773596062254,0.0002524613689906,0.986282142878474
229,0xadb620ec86eeb3570cc142bbc4b5556886cd259b,411.3863760535856,0.0002464754342275,0.9865286183127016
230,0x0f5bd2404ebb70410462c22cacb062cd285bfc52,409.66532148903445,0.0002454442924692,0.9867740626051708
231,0xb24f31bc22338ff0425f2e16c4902a8aa307807d,407.625265504088,0.0002442220262154,0.9870182846313864
232,0x10a84b835c5df26f2a380b3e00bcc84a66cd2d34,400.0,0.0002396534728174,0.9872579381042036
233,0xb46a595c65f62236eb7934b43397e0a05ea33c10,390.5318011864711,0.0002339807559999,0.9874919188602036
234,0xc7d0fd6dd83955b027f0f038c861d7d031c59785,376.5821907637952,0.0002256230745443,0.987717541934748
235,0x41e235560175a75c49c2e11e0e7a452a81c35808,367.8838285729303,0.0002204115927771,0.9879379535275252
236,0x0a1f2e1a4585bbf5e54a894fffa74133654bfadc,364.6989312032285,0.0002185034134891,0.9881564569410144
237,0xa6bba3fd4493e614c97e1dfc39fd55759aea4f9a,360.6313244779536,0.0002160663732947,0.9883725233143092
238,0x0a1751fcf226669952c0baf7361f90bc274dc03a,349.0,0.0002090976550332,0.9885816209693424
239,0xd3898129d4acb0f8039b1b9d6367b236f1e6100f,348.1346590744088,0.0002085792001382,0.9887902001694806
240,0x360d28d34f1a35a8d677af02d919a9baef766040,346.0,0.000207300253987,0.9889975004234676
241,0x1f83a7b86480e6142a85558ef6999f6091041906,329.37178419805844,0.0001973377298278,0.9891948381532956
242,0xbcad90f4a1ed4067d9bc33d4089ff18a82250253,324.1444212351647,0.0001942058406085,0.989389043993904
243,0x7d678b9218ac289e0c9f18c82f546c988bfe3022,315.0,0.0001887271098437,0.9895777711037478
244,0x5299c7d2b73b6a96231081dabfd54dfcc84fedeb,313.3062554302815,0.0001877123304232,0.989765483434171
245,0x4f58456954b429cf11276b4aaeb1ee91d45daa0e,312.1120169545381,0.000186996821928,0.989952480256099
246,0x92a28b6dffe7c1f8a3b6b0f20539c223423b288b,302.0768848114835,0.0001809844362573,0.9901334646923564
247,0x343ef442add9bd565d51b606f444f9221ad0aeb6,302.04367266713297,0.000180964537743,0.9903144292300996
248,0x90299ec59b94398a3a31a795bc585f743d0e5cc9,300.0,0.000179740104613,0.9904941693347126
248,0x37ec0203c1cc3cb574c4144d490f770b86e3b557,300.0,0.000179740104613,0.9906739094393257
250,0x6fd155b9d52f80e8a73a8a2537268602978486e2,285.7725334242538,0.0001712159501773,0.9908451253895032
251,0xf9903c5d11e8f4bfebcf02747d53319e9c4a10c6,272.3590899082603,0.0001631795043747,0.991008304893878
252,0x19c4e72f327ccc3b47e6749dcc3920dc232c8ddf,267.4832086464676,0.0001602581996811,0.9911685630935592
253,0xceacc735c67217101abd0ffb46661c42dec366a8,263.54623547660805,0.0001578994264498,0.991326462520009
254,0xc0ac93abb5539769edac951d9ebd5bcbfb854b0f,250.6267735451049,0.0001501589416527,0.9914766214616618
255,0xe0144fa05a0d32b5b1de10ccee7211616b3e3ef0,245.91455745214063,0.0001473356942744,0.9916239571559362
256,0x83e57888cd55c3ea1cfbf0114c963564d81e318d,244.4790523157072,0.0001464756347964,0.9917704327907326
257,0x9f2942ff27e40445d3cb2aad90f84c3a03574f26,244.40448480285,0.0001464309588878,0.9919168637496204
258,0x9885a84930e3c8c865a1d3debdc204f990bab7c3,240.9479861779968,0.0001443600541398,0.9920612238037604
259,0x32cefb2dc869bbfe636f7547cda43f561bf88d5a,239.9681459640134,0.0001437729988645,0.9922049968026248
260,0xf9c171fb0480fac34289cc5791519fec1d7978c3,238.888499375,0.0001431261462284,0.9923481229488532
261,0x66df5a7715c5d4afbbfa52435c66aa20733be0d1,236.7075688483834,0.0001418194772917,0.9924899424261452
262,0xbcae3f1ab2ac4a82d199720be78c5a32bb144e8b,235.91259810376096,0.0001413431835423,0.9926312856096876
263,0x1d921dff757610fbdb0073479e12c0a07d382677,222.2807546562134,0.0001331758869846,0.992764461496672
264,0x914c0e63f98a091e74b7c5e78993bb8de735ae74,216.0829505820165,0.000129462573809,0.9928939240704812
265,0x68f272fcaae074cb33e68d88a32c325ed0df8379,210.0,0.0001258180732291,0.9930197421437104
266,0x07dea0c0c2d50ed66cb9d1d110e21f5b9c26184b,208.04436163746345,0.0001246463844162,0.9931443885281266
267,0xeebc0ff65baeafbd971ff01b0e28aabd379936ad,200.42,0.0001200783725551,0.9932644669006816
268,0x5c95fed053997f30b7aa69979c208a5d15479f5d,200.0,0.0001198267364087,0.9933842936370904
269,0xe5f470e376554fb613a43fde223e40a3bb338765,199.05889480703755,0.0001192628885892,0.9935035565256798
270,0x3e31155a1c17c9f85e74828447aec412090a4622,194.28333827900684,0.0001164016918228,0.9936199582175026
271,0x317bbc1927be411cd05615d2ffdf8d320c6c4052,189.09018185045477,0.0001132902968903,0.9937332485143928
272,0xbe6f56ed9e10e5f58876f7bdf1c83eedaa721fbc,184.50684384261132,0.0001105442647136,0.9938437927791066
273,0xc2fb4b3ea53e10c88d193e709a81c4dc7aec902e,184.11184852710468,0.0001103076097158,0.9939541003888224
274,0x80a8c828673b928db79e47ec1b0cad5a7d71deea,184.0753246211293,0.0001102857270136,0.994064386115836
275,0xe7dc0ecc39160f1535a77b43989fa327936108c5,181.43183900568732,0.0001087019257434,0.9941730880415796
276,0x52fa3cd7c8926cf515a454658a27d710cf447b2f,180.6882922004752,0.0001082564418082,0.9942813444833878
277,0xd0ef3a2ae7fb496c0897400f1be46693b6183b0a,180.6045142649824,0.0001082062476252,0.9943895507310132
278,0x1308d923e02c38492962d75c26e487ffcdce821c,178.4204209998298,0.0001068976837853,0.9944964484147985
279,0x2769e63ebc6cf6e9803ed87aea125eb596a38f95,177.60840289744954,0.0001064111763898,0.9946028595911884
280,0x2982e755b58dbbb1df8240748f8976eb0cd8a3b5,176.09815750526732,0.0001055063375072,0.9947083659286956
281,0xffc02940b6f297bb3aaca6d790f65c1d28e891f7,174.9758270776424,0.0001048339115456,0.9948131998402412
282,0x5832834966933bec942bb06a3b55dd1176cbddd2,173.90685116993563,0.000104193452074,0.9949173932923152
283,0x6f4a8930ef9c175ec0f3f63a97686d5c505e0e32,170.7461338775618,0.0001022997598847,0.9950196930522
284,0x1be3505328880f1f204c664d430a9d2817d9d4cc,170.38792976569815,0.0001020851477363,0.9951217781999364
285,0x033e64537940e0602e8f27f571d93904c0009486,168.73406000000003,0.0001010942586539,0.9952228724585904
286,0xca63608615de005339652c0eca93c5836eb0c2bd,166.52179219919188,9.976881450079968e-05,0.9953226412730912
287,0x9542225b26ae10b4c47625d75da5123d838b30d8,165.19052427873828,9.89712070498318e-05,0.995421612480141
288,0x711cdabcfdedef2c82d9da533268d8bb6b7468f8,164.89955049646818,9.879687485628218e-05,0.9955204093549972
289,0xe42f8e2c4b778fcd572c55e457ed77db4cb20a69,163.39216930215824,9.7893752011092e-05,0.9956183031070084
290,0xf0da4128a4ed2ed3ffe5d8618a6e002f338b8e52,159.11684003931077,9.533225824789348e-05,0.9957136353652564
291,0x6b6c5652d7cb8fcb470213912381bca77183e641,158.71023435579994,9.508864708759178e-05,0.995808724012344
292,0x05a45e7416c77c822e24e9679af29d1f07589b40,158.21899932947952,9.479433163752364e-05,0.9959035183439814
293,0xb1a1225bcf9408f4a8c980f1858734ecb0d537b9,157.50042336259585,9.43638085726566e-05,0.995997882152554
294,0x328713d71ce23228d35263ca760984753d08bb59,156.6678856391663,9.386500718097806e-05,0.996091747159735
295,0x9f55abf3a9b3ab9401131db5961a1845545dbd47,149.7446128648286,8.971704127189697e-05,0.996181464201007
296,0xed2ef70e8b1ebf95bdfd7ba692454143b2a8263b,149.69179591266243,8.968539685687132e-05,0.9962711495978638
297,0x76efa04a76d4662ee3544ac40bbecbe0cd196ad4,148.0,8.867178494245158e-05,0.9963598213828062
298,0x9690a9e92edadd9a4ff64da25eb6ad60791c37ff,146.77714671911383,8.793913235367517e-05,0.99644776051516
299,0x760c7b2403a9ee72e704b35adecf94e3d42a9d4f,145.0,8.687438389632081e-05,0.9965346348990562
300,0xb943626070bf44232174769fd1e8a233da7686de,141.00705579417922,8.448207653209278e-05,0.9966191169755884
301,0x405bb3cdf23833bb27bad6629b7cd4f01688235f,138.1121231821641,8.274762489698809e-05,0.9967018646004854
302,0x14edc14b3886b2c8068bdef3fb8c05bf07a21c2c,135.69406237968727,8.129888322499486e-05,0.9967831634837104
303,0xe3181f4596509af72d684d89947df309f41f65ff,127.82400267040622,7.658366537347039e-05,0.9968597471490838
304,0xe621a0b2d4f837fa2a4d15059dae91ea8d9aa9ac,126.48628929493368,7.578219623330456e-05,0.996935529345317
305,0x7136fbddd4dffa2369a9283b6e90a040318011ca,122.47485653024744,7.33788117507278e-05,0.9970089081570678
306,0x33878e070db7f70d2953fe0278cd32adf8104572,120.8544589760862,7.240797699772874e-05,0.9970813161340656
307,0x6844d559655f8fb1b8644624c9e84217137c9788,120.21110867898034,7.202252416537987e-05,0.9971533386582307
308,0x457ea659aaabd496550264c6d9d6351666f2fb4b,118.5688604653716,7.103859794633095e-05,0.9972243772561772
309,0x8fdc1f4191a1d6b35117e475ccf6ad1fb4485248,116.91482539130126,7.004760982217395e-05,0.9972944248659994
310,0x9390fa8656a161442928b442300358d82bec28b0,113.6041332,6.806406261948664e-05,0.9973624889286188
311,0xd2bc5cb641ae6f7a880c3dd5aee0450b5210be23,111.27548030550604,6.666888823660701e-05,0.9974291578168556
312,0x46d79ec988a2f603477e81ff2c0c7edef3901145,107.37156959790046,6.432992383998989e-05,0.9974934877406956
313,0x826976d7c600d45fb8287ca1d7c76fc8eb732030,106.9412242293965,6.40720894348077e-05,0.9975575598301304
314,0xdf0259238271427c469abc18a2cb3047d5c12466,103.26830709775146,6.187152106988421e-05,0.9976194313512
315,0x3b067af83f540cb827825a6ee5480441a4237e77,102.16338606243008,6.12095256616247e-05,0.9976806408768616
316,0xedb892bbd19188cd2def63249d6a657ac6f98935,100.60666108777914,6.027683929563287e-05,0.9977409177161574
317,0x9fe5829435eb70d4a3c51f8df130f6aad3475efa,100.50640229626168,6.021677087671377e-05,0.997801134487034
318,0xf386b1f376a776fcfe7a686d04319f4e7177665c,100.21329249091804,6.004115891979516e-05,0.997861175645954
319,0x8758e5741de847363dd2715a62431cc0cbda4ca6,100.09557030404808,5.997062759251752e-05,0.9979211462735464
320,0x47b2c37ffee6e8d71ef9dfbe84ee596571885492,99.99,5.990737686753874e-05,0.997981053650414
321,0x28499c2115299beff0c07fe7574ce7222d891c76,94.58431832712628,5.666865090291435e-05,0.9980377223013168
322,0x3e95bf6df91a0593333f550b6e1485299dfb86be,86.92072407966567,5.207713346374519e-05,0.9980897994347808
323,0xd1a317989c846e42f64128daebd975f857068a8c,86.39852411712694,5.1764265877426325e-05,0.998141563700658
324,0x5a227e2919a49f9d4698e9fd2b318efcd0f16bda,86.15910647202313,5.162082270216908e-05,0.9981931845233604
325,0x6897abe0fd62b589260784b21f4ca3f78a0d8017,85.97295814958537,5.15092949723407e-05,0.9982446938183326
326,0x884ff907d5fb8bae239b64aa8ad18ba3f8196038,81.85741640606918,4.9043535293943744e-05,0.9982937373536264
327,0x4318cc449b1cbe6d64dd82e16abe58c79e076c2b,81.79545589732514,4.900641266619864e-05,0.9983427437662928
328,0xc19a8a1e9f2059138a3d11a7335fd215694e088a,81.27589271037792,4.869512486094864e-05,0.9983914388911536
329,0xcaff17d5c7c349be300e93cbaf56bc868ef75982,76.06416129052,4.5572601025546894e-05,0.9984370114921792
330,0x33dcb3ec1918b6913c00954d8f40bfc04a5cfd20,74.0,4.433589247122579e-05,0.9984813473846504
331,0x82d41c07c20437d8398a2c5d62a03c64c7235f45,70.76236195951587,4.2396114470906135e-05,0.9985237434991212
332,0x4d64152d23260f399af956c6a777740cfc263d1c,69.97469939240241,4.1924199296863545e-05,0.998565667698418
333,0x62edaac42add454ebf7f228f50ec8093ea446176,68.07731271558882,4.078741103092376e-05,0.9986064551094492
334,0xfe96d1ed2a4c9e60e0e3030609af0361a515169e,68.07130455886188,4.0783811341861655e-05,0.998647238920791
335,0x82487122c146965ce3cc7f1fa16512f08af8b616,67.99950550647087,4.074079411123539e-05,0.9986879797149022
336,0x2cecb3b75bc8dfb22725ff657062c47d6ddd4629,65.3948803769343,3.918027546703287e-05,0.9987271599903692
337,0x320c338bcf70baaae26e96201c33b48105bc62c2,64.72089774994183,3.877646977408946e-05,0.9987659364601432
338,0x269ceb186ae90b062cff495465b1eb7fc2fee9fd,64.34805603381842,3.855308774388899e-05,0.9988044895478873
339,0xd054c5ebf6ab2302b63c4fb30d78d5a2c5996b58,63.74472129429074,3.8191609579890967e-05,0.9988426811574672
340,0xcaa271e642bdb4c63ebbabf52b4040b12526e6c9,61.31746163730899,3.673735656432762e-05,0.9988794185140314
341,0x1409a9ef3450d5d50aad004f417436e772fbf8fc,59.402063626,3.5589777101233095e-05,0.9989150082911328
342,0xe64113140960528f6af928d7ca4f45d192286a7a,54.710522905997735,3.277891703520069e-05,0.998947787208168
343,0x1f9e7984eddb135ab6d6f354e229970bb332dcc4,51.21923929355541,3.0687171429419664e-05,0.9989784743795972
344,0xde2be7c9c542c55a7a77489a3a7745493988947f,50.48043725292471,3.024453024251528e-05,0.9990087189098398
345,0x66d9dfddc3ad45d6383d5b9e9354f60bc9d16a8e,50.00000607311824,2.9956687740789285e-05,0.9990386755975804
346,0x7b5635e98844f6f47619a5582fa3531a0d263c38,50.0,2.995668410217959e-05,0.9990686322816827
346,0x5584e380c5ba129ccb5c1ce89c2e9d66881f4800,50.0,2.995668410217959e-05,0.999098588965785
348,0xa4c1bc63983bcdaf93659b1aa66bbcb8c1a65544,47.56162484998822,2.849577142034944e-05,0.9991270847372054
349,0x58c67b6fc7b96f7f83e023e2beb7f641febc6270,45.36825600226609,2.7181650266533964e-05,0.9991542663874718
350,0x4b7c0da1c299ce824f55a0190efb13663442fa2c,45.13264294768134,2.704048654960307e-05,0.9991813068740214
351,0x3e64874d23fe0ba34ad023bc2478bb9da07f460c,40.3385768502346,2.416820007667945e-05,0.999205475074098
352,0xa3fcc4d905f381c5e9392207bf7918ef01b1ba44,38.77783771793217,2.323310869363357e-05,0.9992287081827916
353,0xa7c2981dad6496882f51f338fb811783c477e605,38.238195531893865,2.2909790883726392e-05,0.9992516179736756
354,0x7688660055967db4d0b68d4e0cc3a43b2a5f044b,37.36374879,2.23858803875045e-05,0.999274003854063
354,0x1745a4549c94cedd7501721d6fd105639541097a,37.36374879,2.23858803875045e-05,0.9992963897344505
356,0x813f5a155cb033fbca32388334d7111251a02b63,36.90724049107731,2.211237088948749e-05,0.99931850210534
357,0xec3de6e05f3c5a0b8304488be1f114ed0104e10d,33.658834341,2.0166141352018625e-05,0.999338668246692
358,0xec415d97af1834e5d2a5ceb444d030cd582ab594,33.62815698821457,2.0147761516688936e-05,0.9993588160082086
359,0x7735f817ac266ec4385e3c38df96082dd632895b,32.889868853398326,1.9705428228067385e-05,0.9993785214364368
360,0xf1458cd0973528b4b4d7331c163fb52cdb11028c,32.78528617226192,1.964276922124014e-05,0.999398164205658
361,0x4246c2afb5b4061cc5392f77541ecda853b0b10f,32.54644367170936,1.9499670634455582e-05,0.9994176638762924
362,0x721ba19c32051fd8e851a74958c52936516c7fdc,31.846873623,1.908053465532493e-05,0.9994367444109478
363,0x3e0cf03f718520f30300266dcf4db50ba12d3331,31.53428943087488,1.8893254937348382e-05,0.9994556376658852
364,0xfbc56be13c23c18b6864d062e413da3c7e0f74fb,30.641894683081077,1.835859118626632e-05,0.9994739962570712
365,0xfe99402763531258875949d449db20157b77ec5c,30.24339394,1.811983596876705e-05,0.99949211609304
366,0x7f3eb18e46bc6350722f981e8750de6d0655509a,28.37965258,1.7003205745373317e-05,0.9995091192987856
367,0xf48d4780a886900c263e72d475b1d8b0c7e5a987,27.70406246161561,1.6598436950193414e-05,0.9995257177357356
368,0x88f5b00db5b39070a3a80ffada765b9cf8c2584b,27.046804856655736,1.6204651781282652e-05,0.999541922387517
369,0x1e8ee48d0621289297693fc98914da2efdce1477,26.900993365720822,1.611729120583455e-05,0.9995580396787228
370,0x42fc62b9e79209b74ef9ee746498242a572e174d,25.361441954968097,1.5194894100414864e-05,0.9995732345728232
371,0xea5f027482561b25ca3e5a5498cbd1e979932774,25.113897852773476,1.5046582090998825e-05,0.9995882811549144
372,0x5d28fe1e9f895464aab52287d85ebff32b351674,24.822107409703023,1.4871760608456896e-05,0.9996031529155228
373,0x83ac2bb284930f4a9acfffb7cfb0dc0c92b5ab97,23.297934074756952,1.3958577026217997e-05,0.999617111492549
374,0x91bfd8a63e1ae35aaaf44420a169f46dce74d138,22.71128358571456,1.3607094958645351e-05,0.9996307185875076
375,0x792f7327beeecb1638fcdb97d57ed710829465e2,21.97536942380026,1.3166183997149613e-05,0.9996438847715048
376,0xa66e832f8c1c51282a944a899587d4b26902296d,21.415,1.2830447800963518e-05,0.9996567152193058
377,0x4fb0d2f859925710650d7ffc06c4d6bac2a76b6e,21.273084678815536,1.2745421552043871e-05,0.9996694606408578
378,0x16204069922fc4242fbbc5c664970c9601015865,20.31954522660177,1.2174123949065208e-05,0.9996816347648068
379,0x128b7e7f0bfa7cda46bb4728a0da88dbaa095026,19.839891440684276,1.188674721020231e-05,0.9996935215120172
380,0x7ace0b7a0cfb2980aa25310af5c2602144d58db2,19.12393261739597,1.1457792164213992e-05,0.9997049793041812
381,0x9d123aa9846fc9404dc7d6bd48f16ac769d64f3a,18.68187444546349,1.1192940223986625e-05,0.9997161722444052
382,0x82bac30ece2279650724b6b69ccb10cd0865dd70,18.655672737957005,1.1177241898492436e-05,0.9997273494863036
383,0x3f20a6fe04b3a4b37bbbbea826ae23be56baed74,18.3133791898,1.0972162304645365e-05,0.9997383216486084
384,0x9f082e184259d2f7089df5ced36679bb88bfe123,17.952554990321048,1.0755980373441108e-05,0.9997490776289818
385,0xf8a798764a7c12e031b05c0f4acde7a950ef71a0,17.21203907177773,1.0312312344552358e-05,0.9997593899413264
386,0x6c3850f04b48817557afab3c79015c3e86d6d0e5,17.001165520937523,1.0185970897591858e-05,0.999769575912224
387,0x0dfb07cf6d50cb92bd3bdefffded691189b9344c,14.483427461750598,8.677509223769909e-06,0.9997782534214478
388,0xfab71618c291d0363b5c6a4a5784cb829deb4a38,14.17721348739906,8.49404611782347e-06,0.9997867474675656
389,0xe77e4c796faedee124a490a2f02ab17be383fbed,14.070589662606968,8.430164193082213e-06,0.9997951776317586
390,0xfc58f4dec2dfbb61f633ae4b7676028a626b443c,13.881595895704413,8.316931661634596e-06,0.9998034945634202
391,0xb0ccf43ada6cbaa26dcf4907117b496d49f74242,13.326271237265876,7.984217954294717e-06,0.9998114787813746
392,0x491ffc953e1ab2751817ff90a5f32694a4841474,12.8130899884933,7.676753783161873e-06,0.9998191555351578
393,0x2f9e113434aebdd70bb99cb6505e1f726c578d6d,12.503658075404944,7.4913627017314545e-06,0.9998266468978596
394,0x2c9200b41d2af97868f6e458400640969f324afe,12.030716442943824,7.208007440083317e-06,0.9998338549052996
395,0xbc856f539ef84944c75d1e1383e2113b90b00595,11.04511503621996,6.617500440245504e-06,0.9998404724057398
396,0x423d60df46d885ffcea367a4efd776ef3cd53032,10.873916784968456,6.514929801613767e-06,0.9998469873355414
397,0xc70c7f140d095381bfe45c9de8f16f7548547832,10.674363904869086,6.395370949797428e-06,0.9998533827064912
398,0xae7f11378daba3757e9d7691be04285938be35b5,10.30947157923806,6.176751667192662e-06,0.9998595594581584
399,0x96bdad64f1436005ad9ca93ea5a157949b5c5bec,10.223873271521049,6.125466837913468e-06,0.9998656849249964
400,0x5ce077c8615e75c3abb64ab2b6561cf5324bc2a9,10.179836990183238,6.099083218532039e-06,0.9998717840082147
401,0x8c55acd4477e1ef76401e7ff5fd3eb37925d29c3,9.925127169299367,5.946477985693221e-06,0.9998777304862004
402,0x15a2cf25b43050379be6220143ae467962f1cbf4,9.900615463737823,5.931792197286966e-06,0.999883662278398
403,0xcdaeb3bce9df386b574f2aefb06b9a2a156835b4,9.082108177458046,5.441396913078654e-06,0.9998891036753108
404,0x104e4d9e51a045c90802f75272a4b91df916f01d,8.939458343177446,5.355930592623209e-06,0.9998944596059036
405,0xba0e393d0d47ae81a22f27d68bac043bb64ddb31,6.242351418800259,3.740002990155838e-06,0.9998981996088936
406,0xdec0ded0606b7d0560adebd6c3a919a671db4d66,6.191802099814949,3.7097171905473736e-06,0.9999019093260842
407,0x8df46d8bb10d79f89e00e0a6859327f7189c45de,6.13065219240782,3.673080221365915e-06,0.9999055824063056
408,0x73278a12a96b95b37ba35149a958fb8e02f35f5a,6.020237330349104,3.606926958508342e-06,0.999909189333264
409,0xadf34dcf407f15653aff0d1ce2d09612949bcca3,6.00424699256436,3.5973466085542475e-06,0.9999127866798728
410,0x49fe1f832ea70c207b6e555e160dc2df51c00107,5.786658081351494,3.466981763007427e-06,0.9999162536616356
411,0x27abc2b0dfb20c0314748efad0826266b99d2be0,5.67979102921818,3.40295411257365e-06,0.9999196566157484
412,0x7926dad04fe7c482425d784985b5e24aea03c9ff,5.55999273328893,3.331178918431011e-06,0.9999229877946668
413,0x1acea492e78dc5d2ba007ff0a68f55dc4bb05ee9,5.164799603200605,3.0944054032828605e-06,0.99992608220007
414,0x6814a5e9d556c834aec5293ed80748cd0f58bd14,5.027078301261667,3.0118919325563468e-06,0.9999290940920026
415,0x7267db34b6072080923f92e626c2fc5da91ff25b,5.0,2.995668410217959e-06,0.9999320897604128
416,0x8e8fcb51a955afd4d208bb18d54385b2fc7d1123,4.87047280264365,2.9180643035410616e-06,0.9999350078247164
417,0x986e92868a27548a31e88f7692e746cd7e86f39a,4.6349770050215895,2.776970839205964e-06,0.9999377847955556
418,0xbacc12d6fc38c8edc957a9200accf6f06ba84b93,4.534898669033506,2.717010537272628e-06,0.9999405018060928
419,0xe1f00d978fe9ea074bf2eebb8b30b54c6bc8af1c,4.397143137727041,2.6344765585791145e-06,0.9999431362826512
420,0x58a6552ccb091f9a2fc6c062344e653779a7db45,4.395838700306397,2.6336950261842888e-06,0.9999457699776776
421,0x407b68d75d0b874e40eb864289388503ef5cc382,4.355741197897028,2.6096712619250112e-06,0.9999483796489396
422,0x7601a873a53e367e2a0462c4a0e30e59374f5db8,3.8845826648371777,2.327384315186606e-06,0.9999507070332546
423,0x262b4f07e42bbc33f597fcf0d854e9dafaf3d469,3.669931548936833,2.1987796017624665e-06,0.9999529058128565
424,0x1c85d6ae1336d0e4e3f165bbfa9641bfa04cedb1,3.662071665765613,2.194070481017661e-06,0.9999550998833372
425,0xb7562f12e41c762cecda99d62bd6eac7b0c3b4c1,3.6180708093074103,2.167708085874787e-06,0.9999572675914232
426,0x2bf034eccebc8cd60dab9c249b6c2996dcb7d8ec,3.61160120316438,2.1638319269249413e-06,0.9999594314233502
427,0x285832da8a9388db611f0304778418ae9e62d234,3.1027130786998507,1.85893991116625e-06,0.9999612903632612
428,0x7d3bf2cb39f5ceeeca91ecc8201dc01616ad089f,2.9245039313266674,1.7521688085267057e-06,0.9999630425320698
429,0x577330c3ab28b6ea0797d1552ea9edeb067c912c,2.8267833424486293,1.6936211123007387e-06,0.9999647361531822
430,0x970f31ffc1429c75b0bc56c42e92a58198e858cf,2.735982162,1.6392190667246469e-06,0.9999663753722488
431,0x151a64570e4997739458455ba4ab5a535fd2e306,2.627903462188654,1.574465477356191e-06,0.9999679498377262
432,0x15ecd31318fa645b6496f1f21b22ebfe3ad0c865,2.480963829450477,1.486428994155634e-06,0.9999694362667204
433,0x1fcabba469b151df83a6a72cdd1113c154f7a402,2.4008377026671317,1.4384227327880364e-06,0.9999708746894532
434,0x8a35d1eb766f4f0cb3bb34760b7628f3e04c1c0d,2.386549351669292,1.4298621004443696e-06,0.9999723045515536
435,0x590d24003d5ec516502db08e01421ba56a5cd611,2.092221653,1.25352046261322e-06,0.9999735580720164
436,0xb525f6b3b5efcc0c54582de2f08d890f7793e3e4,2.0,1.1982673640871836e-06,0.9999747563393804
436,0xfb2e9d1c95dcd5665ee230352d9973263f822f8a,2.0,1.1982673640871836e-06,0.9999759546067444
438,0x363cd931403c4a7251e064bd26e7542ea9699f5c,1.8755507940073612,1.1237056530734126e-06,0.9999770783123976
439,0x9b2d6e2d5ef25c0454abaa392fcd9796e05567c9,1.737787548408003,1.0411670524871932e-06,0.99997811947945
440,0x80e7041b85488c0aa64eb9c3e6c326209f5954de,1.7277131903729657,1.035131165263436e-06,0.9999791546106152
441,0x0e950e75b652878e6a3d3ecb6e5797452a918a05,1.72370727059264,1.032731083795478e-06,0.999980187341699
442,0x89a4a16c04f39ed35bb9539d50048845b3c1713d,1.72339806862775,1.0325458304837584e-06,0.9999812198875296
443,0xcbfe8790c588dba594830f0f12c85f6d78c5d70e,1.7203310977226516,1.0307083049126663e-06,0.9999822505958345
444,0xf9c86cab4db95d685c570cffd2c288bdc1d9cb3a,1.704683873065064,1.0213335255898026e-06,0.99998327192936
445,0x2f1f672c7a55679cb3acbf9aacfb55b61738b045,1.6424396638679089,9.840409233476197e-07,0.9999842559702834
446,0xc4d9d1a93068d311ab18e988244123430eb4f1cd,1.6140876638179362,9.670542851643791e-07,0.9999852230245686
447,0x7311b7bf2f004b8070efaf4a130348eeb18ef369,1.4039409153407036,8.411482899797263e-07,0.9999860641728586
448,0xa00259e66c0fddaf98d0c49033b01dfbded225bd,1.4,8.387871548610285e-07,0.9999869029600136
449,0xee6593620e6743c1b5290397da9d693a2f6afa8a,1.1526813682832462,6.906102324025868e-07,0.999987593570246
450,0xa9ccd6b0919e43fd7cfc990572e43c3cf6a17397,1.144189412,6.855224153668522e-07,0.9999882790926612
451,0xe882c0cbb836c34447dc58f74c08f373a6d37cd8,1.0191416188165283,6.106020706054133e-07,0.999988889694732
452,0xe89c2545e4e05a79d21351cdeeda4651ca48debc,1.011994160257272,6.06319787441552e-07,0.9999894960145194
453,0x9b04a9eee500302980a117f514bc2de0fd1f683d,1.0089958902951222,6.045234229193685e-07,0.9999901005379422
454,0xdc8cd7cf5c9bf25aedaf9c01bf3f992354f95081,1.0007126625634977,5.995606621893148e-07,0.9999907000986044
455,0x4beae88bfa81f623ca87f7efb42bfed76466bdc4,0.9596019831030468,5.749298694328609e-07,0.9999912750284738
456,0x9ef53569800e203c20200256cf134abc675bc8e1,0.9367933794485938,5.612644667430956e-07,0.9999918362929406
457,0x076d1faa88ee180a4cf83afc4379112727fc7a4a,0.8637393546370812,5.174953398696702e-07,0.9999923537882806
458,0xd5288ed50a195017e5b30595f65091a7767817a4,0.8384604078940266,5.0234987142932e-07,0.999992856138152
459,0x8321926c8aae281ef9d8520a772eb1d94a9ec6dd,0.836,5.008757581884427e-07,0.9999933570139102
460,0xf64c845ac5b14cf8dd500b3ecd4cc57cd414c391,0.8047006358,4.821232548696734e-07,0.9999938391371652
461,0x41143b6ec3329d60adfb7761192f00a8e9ed83ff,0.7852175951246193,4.704503089724274e-07,0.999994309587474
462,0x4d53016e20c8615bfdef02f3a13f969b9a0ec031,0.7707493755410921,4.617819113007336e-07,0.9999947713693852
463,0x516cafd745ec780d20f61c0d71fe258ea765222d,0.6756578900564159,4.048093994713048e-07,0.9999951761787848
464,0x8aa27e90e139d5ab5704df69429341cbcb2d2464,0.6439741866345207,3.858266255793675e-07,0.9999955620054104
465,0x136d54e730ad568cf49f8d7b8d36e1b079f37e1e,0.6250708372212505,3.745009922424384e-07,0.9999959365064024
466,0x57b00c981363c67b11e07eaa71364bf20e8025fe,0.5743774623022107,3.441288838719778e-07,0.9999962806352864
467,0xd3888a7e6d6a05c6b031f05ddaf3d3dcab92fc5b,0.5164390016740839,3.094160006239105e-07,0.9999965900512868
468,0xf632ce27ea72dea30d30c1a9700b6b3bceaa05cf,0.51427421676757,3.081190050720385e-07,0.999996898170292
469,0x809c9f8dd8ca93a41c3adca4972fa234c28f7714,0.467834572066483,2.8029544974948005e-07,0.9999971784657418
470,0xab368cc17b7de9071907428a6fe3c2ed8347abc5,0.3458957277222334,2.072377809533694e-07,0.9999973857035228
471,0xfcf7174841d19af02e59b89e6d2eedc3b4007243,0.3441746566804087,2.062066293230224e-07,0.999997591910152
472,0xeb2865c3324c0839ef657fc080128fcf440b9a91,0.3441744603968204,2.0620651172291339e-07,0.9999977981166638
473,0x068cd36905e1b27c1e988dbe45a886491a589793,0.3441742641134837,2.062063941229551e-07,0.999998004323058
474,0x26849c34fccb6313198b6a87832f229e69b65239,0.3441740678303984,2.062062765231475e-07,0.9999982105293344
475,0x70f815368be4ab2b0f01293e03fe7ef545d474b7,0.3441738715475647,2.0620615892349065e-07,0.9999984167354932
476,0x921a20719e59375925cfe20b485638cc110f995d,0.3441736752649826,2.062060413239845e-07,0.9999986229415346
477,0x8d04b6f1ad76a3d8f70c9644b86049d49537e73b,0.3441734789826521,2.0620592372462914e-07,0.9999988291474584
478,0xb2cfc9688f2d7e4ce84a249cb29e8a82ec292885,0.344173282700573,2.0620580612542443e-07,0.9999990353532644
479,0x5c414c2fd2e132e3b0b5c0988cc7027b4b800542,0.3441730864187456,2.062056885263704e-07,0.9999992415589528
480,0xe077b943bd4209ed07f93395f76412f60de6b606,0.3140870380498476,1.8818012358897094e-07,0.9999994297390764
481,0x2dd3d3b07bc822aa9bef925f06fabacd23e7022a,0.0751982329438641,4.5053794186829066e-08,0.9999994747928708
482,0x55e44dde847a63a00df5ef9d2396d845405648b7,0.0707054147964101,4.2361995507392655e-08,0.999999517154866
483,0xbec643bd5b7f5e9190617ca4187ef0455950c51c,0.069187,4.145226205954999e-08,0.9999995586071282
484,0x0035cc37599241d007d0aba1fb931c5fa757f7a1,0.053293,3.192963131714914e-08,0.9999995905367596
485,0x7a3190dcf1797630df096bc0c3c2cc1d264e21bb,0.0525213575342681,3.1467314325434e-08,0.9999996220040738
486,0x5b0f8d8f47e3fdf7ee1c337abca19dbba98524e6,0.0510772962289448,3.060212855847899e-08,0.9999996526062024
487,0x741670c5085da689944faa9543e9ab610a00a06d,0.0501584268385965,3.005160295732245e-08,0.9999996826578054
488,0xd41a998d43349f2894d7f6c07a05969b71e22446,0.0498584431085639,2.987187260059486e-08,0.999999712529678
489,0x7fc80fad32ec41fd5cfcc14eee9c31953b6b4a8b,0.0447590520996156,2.6816655689223672e-08,0.9999997393463336
490,0x9008d19f58aabd9ed0d60971565aa8510560ab41,0.0346411232401269,2.075466371698309e-08,0.9999997601009974
491,0x4229affc78cbde266d46e0fec13c4fe90d4b7697,0.03,1.7974010461307754e-08,0.999999778075008
492,0x183bdb344a07ee3d27f07ac4799a56e4a2fe5439,0.025591506775836,1.53327336836502e-08,0.9999997934077416
493,0x69a3ffc3d5f861db20a03940241bf987a05462c7,0.0194454970277048,1.1650452233376511e-08,0.999999805058194
494,0x67eb77d75f5ef2b469c8f85049049c4c4d6ca920,0.0194050060638899,1.1626192733136598e-08,0.9999998166843866
495,0xb06714043e81e2d34d1df3886e9dfb5eda70dd96,0.0192085343095029,1.1508479887513181e-08,0.9999998281928664
496,0xa4d7d0da1ea9eb05ff4be794c2ab5b3b099b16d3,0.0191959753628768,1.1500955399578474e-08,0.999999839693822
497,0x7ccd823888bd7d46f5a8c8a46dc09254c9df5bc3,0.0190573193607829,1.1417881918506504e-08,0.999999851111704
498,0x84dd3012c7ff082613b1453380b34ff95abd2599,0.0189143564189668,1.133222800478046e-08,0.999999862443932
499,0xae706706f3ef51409cbb69ea41c7ff5bb2041079,0.0166865799224401,9.997492069646217e-09,0.999999872441424
500,0x625236038836cecc532664915bd0399647e7826b,0.0158537124005613,9.498493084608497e-09,0.9999998819399172
501,0xb183596e3f32b4911223d3c07270ca846c09749b,0.0145643122495035,8.725970024477658e-09,0.9999998906658872
502,0xe91fc24cf5646663aa58940a820517c0e3e16b75,0.0116793758037706,6.9975074292839425e-09,0.9999998976633946
503,0x740d618e92484b6f142e49b3644b26cc370232be,0.011518943329421,6.9013869302074805e-09,0.9999999045647816
504,0xef7b295cbe6760e30737bef4833e88d962dae06b,0.0107622614029635,6.448033301473161e-09,0.9999999110128148
505,0xe32bf4b7b9cb091b04e8500344a578d56b8f2593,0.0090032746214946,5.3941650744256946e-09,0.99999991640698
506,0xe64f06f695de4c4e21ba8f383a2675fd884ac720,0.0090009300299203,5.392760350642911e-09,0.9999999217997404
507,0x17a7e7f6a493d137e84b4420575527f6ef725f8c,0.0083999894447504,5.0327166051606145e-09,0.9999999268324568
508,0x69e3c9f8a735ddcccfbad2dabde9963d55202988,0.0083512870881583,5.003537382931433e-09,0.9999999318359942
509,0x47e4c324bc5539be3dd8588ecc6ce31295b693e5,0.0066278385695045,3.9709613261378044e-09,0.9999999358069556
510,0xeb545d3b2fd2143c41513a53104034f957bcaea5,0.005968953138512,3.576200871822358e-09,0.9999999393831565
511,0xadeec5fcc377474f32b119948629eefb02bb6786,0.0049544237354449,2.968362135021307e-09,0.9999999423515186
512,0xc8b93c4079841353760dc7d268490ed61040d91c,0.0049485745462625,2.9648576887695046e-09,0.9999999453163764
513,0x95ea77bd92ed57a576414146312712fa05eeda71,0.0031049965995653,1.8603080454304326e-09,0.9999999471766844
514,0x1483196e7a4ea292fbf99e8f59d8f3e5fd43c4da,0.0027309214717073,1.6361870367159434e-09,0.9999999488128714
515,0xb53d946dc4048df4f6527a1d722a1540681c75fc,0.0021143236429108,1.2667625092089828e-09,0.9999999500796338
516,0x4cd53cdc5821cb30304716eba268d9d2ed2784fe,0.0021134564300514,1.2662429327754563e-09,0.9999999513458768
517,0x383ff027e07641364a1f4a81b9ca7efe753472e9,0.0020840421609131,1.248619853401988e-09,0.9999999525944966
518,0x8f0e4ef236614c250e078689cc6a9b7d7d66086a,0.0020840376070634,1.2486171250372212e-09,0.9999999538431136
519,0x33e141131b3d0a70d886baaabcb243a01219a510,0.0020123445038511,1.2056633721325416e-09,0.999999955048777
520,0xa2ef65aececb83cd1bd3579a8669779099317952,0.0020103535325927,1.2044705141916423e-09,0.9999999562532476
521,0xf35735f287a7febfbe7854b872d0811e2b675af9,0.0019093092951805,1.1439315081815982e-09,0.9999999573971792
522,0x82b8bf8ebdce6f5f8fc7657fd1b79cf1811b81b0,0.0018656101450973,1.1177498754900631e-09,0.999999958514929
523,0x512aaf0703b5596ea6e68f05108df213424d2f9a,0.0016741417131025,1.003034688833908e-09,0.9999999595179636
524,0x6fc86f522c064722a138f91256fe96b8174ec82b,0.0014793354332133,8.863196850786626e-10,0.9999999604042832
525,0x0f85a912448279111694f4ba4f85dc641c54b594,0.0012275817692403,7.354855854145528e-10,0.9999999611397687
526,0x4ebb6457422a469e9fa312387c5c45004ee0fa4a,0.0010858763668277,6.505851059016565e-10,0.999999961790354
527,0x15a25073bf65bccaad640d7629cf25682de8b638,0.0010726067663188,6.426348412894794e-10,0.9999999624329888
528,0xb0bce529daf05311babe687f87cae85a63822b7e,0.0010673971679049,6.395135954097723e-10,0.9999999630725024
529,0x59ed734194e3229e57854c20bd2d0b067de5e766,0.0010552981417045,6.322646612932042e-10,0.9999999637047672
530,0xb0888f128d728400cf329970eab1c48ca8c1f67e,0.0010480433898831,6.279180951221535e-10,0.9999999643326852
531,0x46d82e19a4dfd57a1cf061b3a963c942f4d45c0c,0.0010450748452785,6.261395400628751e-10,0.9999999649588248
532,0xe92301eb553b07ff6e02076c2f886710e0a3d955,0.0010405529329137,6.23430310057846e-10,0.999999965582255
533,0x6951d2ccef836b34e949ff088ba6547134f24f03,0.0010275489359421,6.156391774710172e-10,0.9999999661978942
534,0xe07adf74fff34a3473e1aa89881bb54d571e16a1,0.0010227668084382,6.127740438115731e-10,0.9999999668106684
535,0x909510f6ff962d70bae2da3c97dfb0024f491dc8,0.0010222372142385,6.124567460887214e-10,0.999999967423125
536,0x4e7b574e3cd2be31a2ba66c20871e640a1fdcb84,0.0010204652692402,6.11395114157536e-10,0.9999999680345202
537,0x7368c9b89583d2b83dfdb0556f98006c8d1dbe3f,0.0009961648014406,5.968358854093402e-10,0.999999968631356
538,0x91b7377a3dd7931ad4757b60d7e859954b939e85,0.0009904173912589,5.933924183850031e-10,0.9999999692247484
539,0x9918ccc83f453965e634eb0788f94729775554c0,0.0009845399957239,5.89871072757283e-10,0.9999999698146196
540,0x5f5f7bdaf27c7700159fa2e52cfb5cdb95f9cdf1,0.0009762963190131,5.849320083759541e-10,0.9999999703995516
541,0xae4542cf7f688d314e8dab306ffd2f43e10e118c,0.0009504702025546,5.69458712129277e-10,0.9999999709690104
542,0xefe60e8415bdd75e1cfb9a9d1720e3996480d8f0,0.0009153740077922,5.484313997355517e-10,0.9999999715174416
543,0xefac889dcdb6d7e0d9b1b7396547a86a91640f7c,0.000903279536262,5.411851944753327e-10,0.9999999720586268
544,0x2fa130927814b590623031e846f059df9554fdde,0.000861262258229,5.160112279779194e-10,0.999999972574638
545,0xbd238ecfa48f3573efe0ce74dd3d4902f760dd30,0.0008588514331973,5.145668214999526e-10,0.999999973089205
546,0x34c70805ca93a25ab71eb2d108c953b1cb44b5d6,0.0008566275839265,5.132344384980317e-10,0.9999999736024394
547,0xf49a19f72d0e106df462cfd6b5bebe42b6001616,0.00083400163114,4.996784680952697e-10,0.999999974102118
548,0x4b7363cd9644aff4fd8f9f07affe2cea945f3946,0.0008314996225508,4.981794304767476e-10,0.9999999746002972
549,0xcd47c5b110e424e61d94b98c8cf8cf75eeb9bd68,0.0008253868949757,4.945170894973251e-10,0.9999999750948144
550,0x2273a141694829ae1957d296e86c49f904e1c162,0.0008001097076625,4.793726751906819e-10,0.9999999755741872
551,0x90c20d6f68e63f8689191d34be64590b2b7f0855,0.0007960305509924,4.769287150352878e-10,0.9999999760511158
552,0x32479bbff97812f2341fd6033405f7a4724759a4,0.0007778916437596,4.660610847566647e-10,0.9999999765171768
553,0xe8be20ac9c271f5eb09d05ce2b4749f92fd5bae0,0.0007391994665727,4.428792981723972e-10,0.9999999769600562
554,0x9194b1713a8e07bc47b90fb7937e28e09b6cd100,0.0007245286079647,4.3408949263581345e-10,0.9999999773941456
555,0xbb8606d402cf629bde7cde20d56114214a431427,0.0007043070463443,4.2197407396556034e-10,0.9999999778161198
556,0xd87e86b4f45dfdc6ed62549f2e4c897a4bd818ce,0.0006949593206783,4.1637353666853725e-10,0.9999999782324932
557,0xbb3740634d01d6f8b23640106a77f1fd1caf711f,0.0006633428374764,3.974310366745219e-10,0.9999999786299244
558,0x4aea436b3939792a26afecf233d967d6bd5f4940,0.0006547944064983,3.9230938374689935e-10,0.9999999790222338
559,0xe5dda44c692a41f19ba07f2f7c546d273e953f15,0.0006462865671483,3.8721205063091054e-10,0.9999999794094458
560,0xa32aecda752cf4ef89956e83d60c04835d4fa867,0.000645900086357,3.869804969713649e-10,0.9999999797964264
561,0x6ac0c22198d53682277c57a53602dc0e0d95b840,0.0006254074543516,3.747026709032082e-10,0.999999980171129
562,0xa409399fd51c642c3cdc5b4f4e4f3c858f33f589,0.0006183381641293,3.7046722102289525e-10,0.9999999805415962
563,0x09ee4911ceff35d61d6b0591432c03a43034fd0f,0.0006139937381052,3.6786432906267844e-10,0.9999999809094604
564,0xe9812f14cda5f02287a970f90e42c77ebb3cb6d7,0.0006052813661783,3.626444535908224e-10,0.999999981272105
565,0x2581b0b09128456cad8f1db96db06f1c12851ae3,0.0006044260788137,3.621320221228229e-10,0.999999981634237
566,0x7c94e08a908e235b1a87c2d2b9926d36d6233fcc,0.0006005871005734,3.598319609544441e-10,0.9999999819940688
567,0x2256fd44a0aa09df90797927f0cfe8491bbe5b39,0.0005971521779134,3.5777398309363827e-10,0.999999982351843
568,0xc2492693fb6da4e4423c6264eb7faa2f542f9baf,0.0005969148071972,3.576317663024057e-10,0.9999999827094748
569,0xbcf3e665c04e9cad40ffdabe4eb665af1b1ccd39,0.0005919774405968,3.5467362367154917e-10,0.9999999830641484
570,0x9860f78719fdddf3bb1b83e4619609f413c67a1b,0.0005867459891115,3.5153928488069716e-10,0.9999999834156876
571,0xc49652b682f72b46c44279b42a539f69c5f7efcd,0.000585464539077,3.5077152500316385e-10,0.9999999837664592
572,0x7bc43896da0f7ac10ad5123765cc1b81f8911881,0.0005721315251485,3.427832672754396e-10,0.9999999841092424
573,0x1964b1d5d69f96e6751da98c69b6fbba48a111b5,0.0005704528025502,3.417774880240029e-10,0.99999998445102
574,0x5a1f3d0c18607e022db4fa7a6c2543e38f8f1f4b,0.0005535576431405,3.3165502895819193e-10,0.9999999847826748
575,0x08e303095f51c50839286432e6c4e3fd6f65f515,0.000550985621839,3.3011404436547817e-10,0.999999985112789
576,0x00d18ca9782be1caef611017c2fbc1a39779a57c,0.000537641168364,3.2211893282018566e-10,0.999999985434908
577,0xaac097814dfdf7186d6148156f8d2572d27d4ab8,0.0005341358034523,3.2001875063370127e-10,0.9999999857549268
578,0x3d2f68f4e2112fe3f2bfd08ae8cbcdb3a802812a,0.0005206207963333,3.119214546556525e-10,0.999999986066848
579,0x1f82e35704599102398e0c61f30adcba37660b50,0.0005185450391923,3.1067779863675783e-10,0.999999986377526
580,0xf0eeea29eded3a0d87ba766c0d3cdf77ce13f581,0.0005147071098191,3.0837836587996867e-10,0.9999999866859044
581,0xc706ce8f9ad6bc55490fef5352d981d82f562189,0.0005136404930409,3.0773931984229345e-10,0.9999999869936436
582,0x06eb1dc6528baa360399e6507f4a12c6bf1d7c6c,0.0005107390917302,3.0600099259196486e-10,0.9999999872996446
583,0x42908562a35ce09ed310629b54faddd73efdb95b,0.0005085899265482,3.0471335534310416e-10,0.999999987604358
584,0xdea7b90d9443c6c544b45f877e3a57069f1ce166,0.000507042197875,3.0378605896436193e-10,0.999999987908144
585,0x00327f8cbe974958fb79855653071bc5d1bed963,0.0005046609157401,3.0235935263086467e-10,0.9999999882105034
586,0xd2b2d0e150c2e14167b6432b2166e0cfb6b227da,0.0005020655012529,3.0080435239275287e-10,0.9999999885113078
587,0x211d241f15ed07ee6cd2338c12f83cfa68ea1bc3,0.000501517626026,3.0047610189073344e-10,0.999999988811784
588,0x0c1bb48ab83ccaf83c0afedb2303fa17983fa0f3,0.0004973639922535,2.9798751999478544e-10,0.9999999891097714
589,0x0a714182b3cac3be9e1f023aec0a18f35ffc994f,0.0004817209123739,2.886152239479911e-10,0.9999999893983866
590,0x407f16c6334e76534c7d238767ea843493744605,0.0004774877522587,2.8607899514152184e-10,0.9999999896844656
591,0xb99997f108edeb4ff1ed0ae233b870afb7a5d4c1,0.0004688070241406,2.8087807854126926e-10,0.9999999899653438
592,0x1aa514aa9e26b5e0d3c60268a8732eec25d6e4b2,0.0004648963362096,2.785350536818782e-10,0.9999999902438788
593,0xf377921ff437276385fb9722412d690c647a87d1,0.0004644632094521,2.782755528528662e-10,0.9999999905221544
594,0x9f95ced81a4b43c65e4158047fcaa97f5d4811e6,0.0004624584846888,2.7707445472393126e-10,0.9999999907992289
595,0xc1582c0e57a144131d0546128203e8fc6924b17f,0.0004008381169928,2.4015561693734864e-10,0.9999999910393844
596,0x60a9372862bd752cd02d9ae482f94cd2fe92a0bf,0.0003495807648928,2.0944561084188398e-10,0.99999999124883
597,0x84f36bd98fed29df05bb50eca3d0ec825feb98e4,0.0003463274713646,2.074964531115284e-10,0.9999999914563265
598,0x4a183b7ed67b9e14b3f45abfb2cf44ed22c29e54,0.0003432736100484,2.0566678193671201e-10,0.9999999916619932
599,0xeefaef10ac38f9751d1acdcc03fadd2f7d5ccec0,0.0003419373639186,2.0486619187286695e-10,0.9999999918668596
600,0x7b20a66b7b002289149a5173a66161a47a6fdb4a,0.0003393481689372,2.0331491795011463e-10,0.9999999920701744
601,0x2aca99880c69a715d7819b116d3f9400bfe71695,0.0003354678617776,2.009900952341341e-10,0.9999999922711644
602,0x0f86b8e80b2348be4726a7df2f218fd68fb69561,0.0003315680985824,1.9865361575188392e-10,0.9999999924698182
603,0x0bc7fcf4bf885259dc09b20418b2353e15ff9646,0.0003312303637017,1.9845126740925015e-10,0.9999999926682694
604,0x4820d8970327eb6891c4d581b9254275dcfea0ec,0.0003299688282463,1.976954390268494e-10,0.9999999928659647
605,0xaa79b87dc8b046a5e4f7d03f1562d7fe5bf98737,0.0003239786101091,1.941064975780896e-10,0.9999999930600714
606,0x4299caecefa01fc58b229572d4a527b2285139bf,0.0003121016221704,1.8699059406273983e-10,0.999999993247062
607,0x106a8946a2930c52c39436ca93190d01ca2a55f4,0.0003059554089967,1.8330819073335676e-10,0.9999999934303702
608,0x4efc1db07e1e7f3af655c3f10f7f8cee842c116d,0.0003005731023169,1.8008346951442548e-10,0.9999999936104536
609,0xc0343dc9486e8ee6874fbaf30a5f3908081479ae,0.000294160333384,1.762413636515827e-10,0.999999993786695
610,0x68b7d1f108dbfef2ff70499395e91862787fd606,0.0002883144657059,1.7273890742482172e-10,0.999999993959434
611,0xf1b085e939e20d154d3d3a5819330d02e4b66e28,0.0002870941672986,1.7200778554688508e-10,0.9999999941314416
612,0x74ae2d3429a62ff4c46a6630b1d8a072ea9a3a2a,0.0002815288053688,1.68673389761962e-10,0.9999999943001152
613,0x37205cc0072c2525dd6d3114157e7ff10f51c458,0.0002720582955019,1.6299928831457548e-10,0.9999999944631144
614,0xe1f522bfbc7317a4803ce654c3254958b2dfef6b,0.0002679036900067,1.605101242268079e-10,0.9999999946236244
615,0xaa0044570c017d7322ac604c2c15b6bce0fc491c,0.000266688658488,1.5978215791919578e-10,0.9999999947834068
616,0x5d946eaeae394166d178073bae3f3fd881edce60,0.0002633902954754,1.5780599754273918e-10,0.9999999949412128
617,0xd2fa59811af055e0e94d570ea7f9800c0e5c0428,0.0002633835244115,1.5780194077032936e-10,0.9999999950990148
618,0xae519a6d0c4143fdbea652f0a936ea045d64b8cb,0.0002633470362587,1.5778007948894995e-10,0.9999999952567948
619,0x9339fb447e7a5f22b21e1114e318d69396595a69,0.0002629880661289,1.5756500839336263e-10,0.9999999954143598
620,0x498f4cd055326be41081f199adb06d2fb8232575,0.0002628693723812,1.574938949712484e-10,0.9999999955718536
621,0x847c61b2d84195bd315e8da05f5f5a69b91b5214,0.0002627769497512,1.5743852146066112e-10,0.9999999957292922
622,0x848d11f575bdb37259ed152a992873b638151ce5,0.0002613675093121,1.5659407822076439e-10,0.9999999958858864
623,0xceff973253865af8ade3b845bb6f6936cfeb6576,0.0002562558110688,1.5353148763075848e-10,0.9999999960394178
624,0x6f8d4d86a31409e0b615a8dc0fdadc68e3993197,0.0002550728830529,1.528227556130166e-10,0.9999999961922406
625,0xe337ce72e24a0d20183924d46d5a2ce6d430a6c4,0.0002529887750025,1.5157409628300135e-10,0.9999999963438146
626,0x53c19d44c88cdd480145bf791c0abbd5a76b80c0,0.0002525102312075,1.5128738457705571e-10,0.999999996495102
627,0xfd7174f1c635516e42039a31843b46dfe9bc7296,0.0002517070819206,1.5080619078755624e-10,0.9999999966459082
628,0x1006296c5cab8900411070eb3e1c3eff9057c70d,0.0002469745903676,1.479707956982037e-10,0.999999996793879
629,0xe1b58072cd41c70c36aacc0340bcfca9967e65a8,0.0002467607070274,1.4784265098505291e-10,0.9999999969417216
630,0xa6b0f7dc7e3ea4ad4888adc63ba42d7f2f2080fe,0.0002443423757722,1.463937472757358e-10,0.9999999970881154
631,0xb498233b3afcb3f211dda0be72217a46db38cf54,0.0002408633409084,1.4430934030781908e-10,0.9999999972324248
632,0x84964d19319947cc889616f612b905bf5b5571d9,0.0002404910429153,1.440862840403723e-10,0.999999997376511
633,0xa2a01e8151dfaf476f7400fc84dba2d5dbdefe38,0.0002404909467683,1.4408622643547696e-10,0.9999999975205972
634,0x1ea2c162dea5c034e15489a6921918e25fd00946,0.0002404908506214,1.440861688306277e-10,0.9999999976646834
635,0xe696dcb10f85ce2d9d90bd4aeef5ab93dd8ee1f0,0.0002404907544745,1.4408611122580188e-10,0.9999999978087696
636,0xeef1a1677cb0647064da2ee6e92f77801f31834b,0.0002396108140172,1.435589092595993e-10,0.9999999979523284
637,0x6c65f473247fcd3d449fe9acb9d397149645de52,0.0002364021804828,1.4163650883579967e-10,0.9999999980939648
638,0xd1974322bf4fd3b92c1f01215b22d1182c960227,0.0002352359877195,1.4093780347160447e-10,0.9999999982349028
639,0x5c70184e999141c81910950de0b4498185534bb5,0.0002343856308553,1.404283260324532e-10,0.999999998375331
640,0xa145c5546d38a3315831ca18053b549bb37f9425,0.0002290536445897,1.372337534685312e-10,0.9999999985125648
641,0x44cb0864ca769737fced10d6296f0d77493be079,0.0002288561569619,1.371154319789485e-10,0.9999999986496804
642,0x29ca11aa895ba01e66443535823657b43ce52b44,0.000227318380917,1.3619409855502588e-10,0.9999999987858744
643,0xa3f8167deab5e9d15c26c00631ab4a5a64359dcd,0.0002235575487505,1.3394085733153642e-10,0.9999999989198152
644,0x1e655feec2767b4c6409ccffa76d7560da11f2cb,0.0002132259313332,1.2775083734685274e-10,0.999999999047566
645,0xbcf29cc851f453a66d2ec2ed0f7645b28dcf7d11,0.000199795762545,1.1970437087033792e-10,0.9999999991672704
646,0x9b0cd71699ed10a0745f99e6824db256615f665e,0.0001969439110502,1.1799573058362347e-10,0.999999999285266
647,0xf921f66d9c5a2894c55fc367dc5dcf4aacf89cad,0.0001920062210535,1.1503739419508563e-10,0.9999999994003036
648,0x6aed9da433e6c54a5c25e69b9029f3b01a3b2519,0.0001882837469347,1.1280713456998119e-10,0.9999999995131106
649,0xf85eb7c061d79411b2cb2bb65a0ead47582ea342,0.0001720864505404,1.0310278874208887e-10,0.9999999996162132
650,0xf27838b0c3ba2eee13b6ed3fe13a90ef7b57a2cc,0.0001168406057934,7.000314236124069e-11,0.9999999996862164
651,0xbad1ecc94f1343d9d6b4ae7c8d94938a2d0c03b6,0.0001009062053708,6.045630636487401e-11,0.9999999997466728
652,0x3102c7a4e095db58f07e12093cf1c2524603deed,0.0001002454,6.006039560993266e-11,0.9999999998067332
653,0x5e3c72ee812153e03e0b71f3c9dc6ff5380862c0,8.0076425360032e-05,4.7976483570844815e-11,0.9999999998547096
654,0x562f34de6626ece43f8d3f85557ff51d4bd8fcb2,7.336434487172e-05,4.395505007370951e-11,0.9999999998986648
655,0xf2ce84548ed0a9f59337723a2a0673d8ce499679,2.9049498959902e-05,1.7404533273367575e-11,0.9999999999160692
656,0x84b35ed67db72698849a5fa12cea9d3c35f5abdd,2.4361247689587e-05,1.4595644027438204e-11,0.9999999999306648
657,0x27a390b1ad4c183289e44271fdc2f159df87d76f,2.4353927761461e-05,1.4591258411947778e-11,0.999999999945256
658,0xb1b51ccbac02f33685b64f65b5de3f6622901f79,1.5908473686768e-05,9.531302415646904e-12,0.9999999999547874
659,0x21c50acbd2d695884e1d5476b6c68b53391283b5,1.5212693e-05,9.114436770888774e-12,0.999999999963902
660,0x6807fab0ed27079a27bad9f0ecc060a9da26bb91,1.521242e-05,9.114273207393576e-12,0.999999999973016
661,0x62c1bfe30423a9e8d5caa903be24fb63e0038140,1.41211112e-05,8.460433347803002e-12,0.9999999999814766
662,0xfe2fa1eb1f6fe89ee19bf55e341ac3dcf5501c3d,1.2314612e-05,7.3780988304982e-12,0.9999999999888548
663,0x0cad7af8b05d0438ffa1a1b73d05676154ae1dca,1.21132942e-05,7.257482555723285e-12,0.9999999999961122
664,0x0c796f2394a0c8d0464a3efcb42c1611cf0ea7fa,3.981324423016e-06,2.3853455609716546e-12,0.9999999999984976
665,0x8ac0f401eccea0e50c92380e36f07823aa8183a9,2.232222432059e-06,1.3373996448598101e-12,0.9999999999998348
666,0x89010e1adb2e3e90e7f94245090615c297c733de,1.99312951538e-07,1.194151025339379e-13,0.9999999999999544
667,0x5acfd914f2dfd41f07f27407bd7936f43d0db167,7.9106295269e-08,4.7395245957343536e-14,1.0000000000000018
668,0x0b58857708a6f84e7ee04beaef069a7e6d1d4a0b,1.1505115e-10,6.893101912284958e-17,1.0000000000000018
669,0x1111111254eeb25477b68fb85ed929f73a960582,1e-18,5.991336820435919e-25,1.0000000000000018
669,0x1111111254fb6c44bac0bed2854e76f90643097d,1e-18,5.991336820435919e-25,1.0000000000000018
669,0x8cc2284c90d05578633418f9cde104f402375a65,1e-18,5.991336820435919e-25,1.0000000000000018
669,0xb5f50e42ad28fb4bfc25b6b4c5a34aad30649fc0,1e-18,5.991336820435919e-25,1.0000000000000018
