id,projectId,applicationId,roundId,token,voter,grantAddress,amount,amountUSD,coefficient,last_score_timestamp,rawScore,threshold,balance_tec,tec_tokens_flag,balance_tea,tea_flag
0x24a5bbf1,0x64a30a4b,19,0x9E669c0A,0x00000000,0x9ba96198,0xA26d6AEB,5000000000000000.0,9.18433236,1.5,2023-04-25 13:48:59.888771+00:00,28.57,15,,,3.0,1.0
0x3dce13bb,0xc401c980,6,0x9E669c0A,0x00000000,0x9390fa86,0x9390fA86,2200000000000000.0,4.09456656,1.0,2023-04-25 16:55:55.447871+00:00,27.21,15,,,,
0x4cf20243,0x97589cd1,7,0x9E669c0A,0x00000000,0x5136cdfc,0x0035cC37,4e+16,74.44666476,1.0,2023-04-25 17:25:19.667155+00:00,28.57,15,,,,
0x2b032f10,0xec026845,16,0x9E669c0A,0x00000000,0x524cb61b,0x45b79C6b,3000000000000000.0,5.58349985,1.0,2023-04-25 17:07:33.303578+00:00,23.56,15,,,,
0x0842753b,0xa9bdf738,29,0x9E669c0A,0x00000000,0x524cb61b,0x5041A1C1,3000000000000000.0,5.58349985,1.0,2023-04-25 17:07:33.303578+00:00,23.56,15,,,,
0x9b3b977e,0x4cd41869,25,0x9E669c0A,0x00000000,0xbc6940bc,0xBEC643BD,1200000000000000.0,2.24373909,1.0,2023-04-25 15:24:59.600194+00:00,24.11,15,,,,
0x1112f6c1,0x97589cd1,7,0x9E669c0A,0x6B175474,0xa2a2602b,0x0035cC37,1.2e+18,1.20100375,1.0,2023-04-24 22:16:10.688415+00:00,41.42,15,,,,
0x67d76b4e,0xe6424ab2,22,0x9E669c0A,0x6B175474,0xa2a2602b,0x8110d1D0,1.2e+18,1.20100375,1.0,2023-04-24 22:16:10.688415+00:00,41.42,15,,,,
0xd6ec3923,0xdd9b885d,13,0x9E669c0A,0x00000000,0x3e31155a,0x75D923fB,2000000000000000.0,3.72995,1.5,2023-04-26 00:23:22.857289+00:00,39.85,15,191.3503789310068,1.0,5.0,1.0
0x0bf4e197,0x5351510d,2,0x9E669c0A,0x00000000,0x3e31155a,0x9bcF35BD,2000000000000000.0,3.72995,1.5,2023-04-26 00:23:22.857289+00:00,39.85,15,191.3503789310068,1.0,5.0,1.0
0x899e966d,0xa9bdf738,29,0x9E669c0A,0x00000000,0x3e31155a,0x5041A1C1,2000000000000000.0,3.72995,1.5,2023-04-26 00:23:22.857289+00:00,39.85,15,191.3503789310068,1.0,5.0,1.0
0x9a16cff8,0x8d6f0c7b,3,0x9E669c0A,0x00000000,0x3e31155a,0x808DB7C1,2000000000000000.0,3.72995,1.5,2023-04-26 00:23:22.857289+00:00,39.85,15,191.3503789310068,1.0,5.0,1.0
0x9434f150,0x23387567,9,0x9E669c0A,0x00000000,0x3e31155a,0xbbD107D7,2000000000000000.0,3.72995,1.5,2023-04-26 00:23:22.857289+00:00,39.85,15,191.3503789310068,1.0,5.0,1.0
0x43380ed4,0xe8249a10,14,0x9E669c0A,0x00000000,0x3e31155a,0x9b55D80A,2000000000000000.0,3.72995,1.5,2023-04-26 00:23:22.857289+00:00,39.85,15,191.3503789310068,1.0,5.0,1.0
0xfa44e371,0xec026845,16,0x9E669c0A,0x00000000,0x3e31155a,0x45b79C6b,2000000000000000.0,3.72995,1.5,2023-04-26 00:23:22.857289+00:00,39.85,15,191.3503789310068,1.0,5.0,1.0
0xcdb40f30,0xc401c980,6,0x9E669c0A,0x00000000,0x56c246b0,0x9390fA86,5000000000000000.0,9.33301146,1.0,2023-04-25 18:59:56.208391+00:00,25.02,15,,,,
0xf4b7bb0d,0x4cd41869,25,0x9E669c0A,0x6B175474,0xa2b16c27,0xBEC643BD,1e+18,1.00096975,1.0,2023-04-26 02:29:46.064585+00:00,35.45,15,,,,
0xfb481352,0xc401c980,6,0x9E669c0A,0x6B175474,0xa2b16c27,0x9390fA86,1e+18,1.00096975,1.0,2023-04-26 02:29:46.064585+00:00,35.45,15,,,,
0x180cc8b0,0xe8249a10,14,0x9E669c0A,0x00000000,0xcf7c21de,0x9b55D80A,5e+16,93.07196309,1.0,2023-04-25 19:15:25.449219+00:00,48.09,15,,,,
0x46e2d04f,0xc401c980,6,0x9E669c0A,0x6B175474,0xcd0d4cdb,0x9390fA86,6e+18,6.00598686,1.0,2023-04-25 12:39:48.973839+00:00,37.04,15,,,,
0xd579602b,0x97589cd1,7,0x9E669c0A,0x6B175474,0xcd0d4cdb,0x0035cC37,6e+18,6.00598686,1.0,2023-04-25 12:39:48.973839+00:00,37.04,15,,,,
0x0ab3b068,0xcf3165f4,10,0x9E669c0A,0x6B175474,0xcd0d4cdb,0x7f3eb18E,6e+18,6.00598686,1.0,2023-04-25 12:39:48.973839+00:00,37.04,15,,,,
0x2648f105,0xdd9b885d,13,0x9E669c0A,0x6B175474,0xcd0d4cdb,0x75D923fB,6e+18,6.00598686,1.0,2023-04-25 12:39:48.973839+00:00,37.04,15,,,,
0x525d3c84,0xe6424ab2,22,0x9E669c0A,0x6B175474,0xcd0d4cdb,0x8110d1D0,6e+18,6.00598686,1.0,2023-04-25 12:39:48.973839+00:00,37.04,15,,,,
0x5ae37490,0x72b0d6a6,17,0x9E669c0A,0x6B175474,0xcd0d4cdb,0x7e1F8358,6e+18,6.00598686,1.0,2023-04-25 12:39:48.973839+00:00,37.04,15,,,,
0x26a94e8d,0xe8249a10,14,0x9E669c0A,0x6B175474,0xcd0d4cdb,0x9b55D80A,6e+18,6.00598686,1.0,2023-04-25 12:39:48.973839+00:00,37.04,15,,,,
0xf841c880,0x23387567,9,0x9E669c0A,0x6B175474,0xcd0d4cdb,0xbbD107D7,6e+18,6.00598686,1.0,2023-04-25 12:39:48.973839+00:00,37.04,15,,,,
0x7f0e8c5d,0xec026845,16,0x9E669c0A,0x6B175474,0xcd0d4cdb,0x45b79C6b,6e+18,6.00598686,1.0,2023-04-25 12:39:48.973839+00:00,37.04,15,,,,
0x20f5483e,0x64a30a4b,19,0x9E669c0A,0x6B175474,0xcd0d4cdb,0xA26d6AEB,6e+18,6.00598686,1.0,2023-04-25 12:39:48.973839+00:00,37.04,15,,,,
0x6613693f,0x8d6f0c7b,3,0x9E669c0A,0x6B175474,0xcd0d4cdb,0x808DB7C1,6e+18,6.00598686,1.0,2023-04-25 12:39:48.973839+00:00,37.04,15,,,,
0xa8308afc,0x10b3f00e,28,0x9E669c0A,0x6B175474,0xcd0d4cdb,0x69e001B7,6e+18,6.00598686,1.0,2023-04-25 12:39:48.973839+00:00,37.04,15,,,,
0x6c4e92e5,0xa9bdf738,29,0x9E669c0A,0x6B175474,0xcd0d4cdb,0x5041A1C1,6e+18,6.00598686,1.0,2023-04-25 12:39:48.973839+00:00,37.04,15,,,,
0x24badc10,0xf1f4942d,24,0x9E669c0A,0x6B175474,0xcd0d4cdb,0x4f8c531d,6e+18,6.00598686,1.0,2023-04-25 12:39:48.973839+00:00,37.04,15,,,,
0x7bdd37e8,0x5351510d,2,0x9E669c0A,0x6B175474,0xcd0d4cdb,0x9bcF35BD,6e+18,6.00598686,1.0,2023-04-25 12:39:48.973839+00:00,37.04,15,,,,
0xddf836fc,0x4cd41869,25,0x9E669c0A,0x6B175474,0xcd0d4cdb,0xBEC643BD,6e+18,6.00598686,1.0,2023-04-25 12:39:48.973839+00:00,37.04,15,,,,
0xe63c8b11,0xdd9b885d,13,0x9E669c0A,0x6B175474,0xdbeb3b98,0x75D923fB,2.5e+19,24.9967175,1.0,2023-04-26 20:32:17.875580+00:00,16.27,15,,,,
0x1092ae19,0xa9bdf738,29,0x9E669c0A,0x6B175474,0x839395e2,0x5041A1C1,3e+19,29.9519814,1.5,2023-04-26 15:55:53.752619+00:00,52.94,15,73838.66148707856,1.0,,
0xaf671999,0x97589cd1,7,0x9E669c0A,0x6B175474,0x839395e2,0x0035cC37,1e+20,99.839938,1.5,2023-04-26 15:55:53.752619+00:00,52.94,15,73838.66148707856,1.0,,
0xaedf9bda,0xe6424ab2,22,0x9E669c0A,0x6B175474,0x839395e2,0x8110d1D0,2e+20,199.679876,1.5,2023-04-26 15:55:53.752619+00:00,52.94,15,73838.66148707856,1.0,,
0x882f158e,0xe8249a10,14,0x9E669c0A,0x6B175474,0x839395e2,0x9b55D80A,1.5e+19,14.9759907,1.5,2023-04-26 15:55:53.752619+00:00,52.94,15,73838.66148707856,1.0,,
0x64882a8c,0x4cd41869,25,0x9E669c0A,0x6B175474,0x839395e2,0xBEC643BD,1e+19,9.9839938,1.5,2023-04-26 15:55:53.752619+00:00,52.94,15,73838.66148707856,1.0,,
0xf0e68dc0,0xc401c980,6,0x9E669c0A,0x6B175474,0x839395e2,0x9390fA86,1e+19,9.9839938,1.5,2023-04-26 15:55:53.752619+00:00,52.94,15,73838.66148707856,1.0,,
0x0ddd01db,0x5351510d,2,0x9E669c0A,0x6B175474,0x839395e2,0x9bcF35BD,1e+19,9.9839938,1.5,2023-04-26 15:55:53.752619+00:00,52.94,15,73838.66148707856,1.0,,
0x02d04ccd,0x72b0d6a6,17,0x9E669c0A,0x6B175474,0x839395e2,0x7e1F8358,1e+19,9.9839938,1.5,2023-04-26 15:55:53.752619+00:00,52.94,15,73838.66148707856,1.0,,
0x16064fcb,0x8d6f0c7b,3,0x9E669c0A,0x6B175474,0x839395e2,0x808DB7C1,1e+19,9.9839938,1.5,2023-04-26 15:55:53.752619+00:00,52.94,15,73838.66148707856,1.0,,
0xf48511f9,0x64a30a4b,19,0x9E669c0A,0x6B175474,0x839395e2,0xA26d6AEB,5e+19,49.919969,1.5,2023-04-26 15:55:53.752619+00:00,52.94,15,73838.66148707856,1.0,,
0x62e70d98,0xe6424ab2,22,0x9E669c0A,0x6B175474,0x7d547666,0x8110d1D0,4e+18,4.007487,1.5,2023-05-05 21:22:04.075969+00:00,47.84,15,18134.42536542244,1.0,,
0x3d59dd5f,0xe8249a10,14,0x9E669c0A,0x6B175474,0x7d547666,0x9b55D80A,2e+18,2.0037435,1.5,2023-05-05 21:22:04.075969+00:00,47.84,15,18134.42536542244,1.0,,
0x0377e77b,0xa9bdf738,29,0x9E669c0A,0x6B175474,0x7d547666,0x5041A1C1,2e+18,2.0037435,1.5,2023-05-05 21:22:04.075969+00:00,47.84,15,18134.42536542244,1.0,,
0x5a1ab666,0x64a30a4b,19,0x9E669c0A,0x6B175474,0x7d547666,0xA26d6AEB,2e+18,2.0037435,1.5,2023-05-05 21:22:04.075969+00:00,47.84,15,18134.42536542244,1.0,,
0xd62903f8,0x8d6f0c7b,3,0x9E669c0A,0x6B175474,0x7d547666,0x808DB7C1,2e+18,2.0037435,1.5,2023-05-05 21:22:04.075969+00:00,47.84,15,18134.42536542244,1.0,,
0x1c48df9d,0x72b0d6a6,17,0x9E669c0A,0x6B175474,0x7d547666,0x7e1F8358,2e+18,2.0037435,1.5,2023-05-05 21:22:04.075969+00:00,47.84,15,18134.42536542244,1.0,,
0x094b2f2a,0xec026845,16,0x9E669c0A,0x6B175474,0x7d547666,0x45b79C6b,2e+18,2.0037435,1.5,2023-05-05 21:22:04.075969+00:00,47.84,15,18134.42536542244,1.0,,
0x158264ae,0x97589cd1,7,0x9E669c0A,0x6B175474,0x7d547666,0x0035cC37,4e+18,4.007487,1.5,2023-05-05 21:22:04.075969+00:00,47.84,15,18134.42536542244,1.0,,
0x259f62a8,0xdd9b885d,13,0x9E669c0A,0x6B175474,0x434f5325,0x75D923fB,4.2e+20,419.7123782,1.5,2023-05-03 23:55:07.361025+00:00,23.56,15,,,2.0,1.0
0x24e98708,0xdd9b885d,13,0x9E669c0A,0x6B175474,0x468fd68b,0x75D923fB,1e+18,1.00118087,1.0,2023-04-25 00:38:00.402327+00:00,26.79,15,,,,
0xd56698d4,0xe8249a10,14,0x9E669c0A,0x6B175474,0x468fd68b,0x9b55D80A,1e+18,1.00118087,1.0,2023-04-25 00:38:00.402327+00:00,26.79,15,,,,
0x503faa8d,0xc401c980,6,0x9E669c0A,0x6B175474,0x468fd68b,0x9390fA86,1e+18,1.00118087,1.0,2023-04-25 00:38:00.402327+00:00,26.79,15,,,,
0x44892de0,0xa9bdf738,29,0x9E669c0A,0x6B175474,0x468fd68b,0x5041A1C1,1e+18,1.00118087,1.0,2023-04-25 00:38:00.402327+00:00,26.79,15,,,,
0xc596710c,0x5351510d,2,0x9E669c0A,0x6B175474,0x468fd68b,0x9bcF35BD,1e+18,1.00118087,1.0,2023-04-25 00:38:00.402327+00:00,26.79,15,,,,
0x4cfce6d0,0x97589cd1,7,0x9E669c0A,0x6B175474,0x468fd68b,0x0035cC37,1e+18,1.00118087,1.0,2023-04-25 00:38:00.402327+00:00,26.79,15,,,,
0xd9450f5c,0xe6424ab2,22,0x9E669c0A,0x6B175474,0x468fd68b,0x8110d1D0,1e+18,1.00118087,1.0,2023-04-25 00:38:00.402327+00:00,26.79,15,,,,
0x08b94c09,0xf1f4942d,24,0x9E669c0A,0x6B175474,0x468fd68b,0x4f8c531d,1e+18,1.00118087,1.0,2023-04-25 00:38:00.402327+00:00,26.79,15,,,,
0xefe2c35c,0x10b3f00e,28,0x9E669c0A,0x6B175474,0x468fd68b,0x69e001B7,1e+18,1.00118087,1.0,2023-04-25 00:38:00.402327+00:00,26.79,15,,,,
0xd5de2972,0x23387567,9,0x9E669c0A,0x6B175474,0x468fd68b,0xbbD107D7,1e+18,1.00118087,1.0,2023-04-25 00:38:00.402327+00:00,26.79,15,,,,
0x5b0cbbd8,0x8d6f0c7b,3,0x9E669c0A,0x6B175474,0x468fd68b,0x808DB7C1,1e+18,1.00118087,1.0,2023-04-25 00:38:00.402327+00:00,26.79,15,,,,
0x977d67d0,0x64a30a4b,19,0x9E669c0A,0x6B175474,0x468fd68b,0xA26d6AEB,1e+18,1.00118087,1.0,2023-04-25 00:38:00.402327+00:00,26.79,15,,,,
0xe2855d59,0x72b0d6a6,17,0x9E669c0A,0x6B175474,0x468fd68b,0x7e1F8358,1e+18,1.00118087,1.0,2023-04-25 00:38:00.402327+00:00,26.79,15,,,,
0x501cfaee,0xec026845,16,0x9E669c0A,0x6B175474,0x468fd68b,0x45b79C6b,1e+18,1.00118087,1.0,2023-04-25 00:38:00.402327+00:00,26.79,15,,,,
0x5e2ea309,0x4cd41869,25,0x9E669c0A,0x6B175474,0x468fd68b,0xBEC643BD,1e+18,1.00118087,1.0,2023-04-25 00:38:00.402327+00:00,26.79,15,,,,
0xc761698e,0xcf3165f4,10,0x9E669c0A,0x6B175474,0x468fd68b,0x7f3eb18E,1e+18,1.00118087,1.0,2023-04-25 00:38:00.402327+00:00,26.79,15,,,,
0x3318a9b6,0xdd9b885d,13,0x9E669c0A,0x6B175474,0xe594469f,0x75D923fB,4.21e+20,419.7298676,1.0,2023-04-28 21:06:35.174634+00:00,37.12,15,,,,
0xdde554cf,0xe6424ab2,22,0x9E669c0A,0x6B175474,0xb760fe1b,0x8110d1D0,5e+18,5.0010874,1.5,2023-05-07 09:30:50.374250+00:00,17.31,15,10563.361346989184,1.0,,
0xebf78dfa,0x97589cd1,7,0x9E669c0A,0x6B175474,0xb760fe1b,0x0035cC37,1e+18,1.00021748,1.5,2023-05-07 09:30:50.374250+00:00,17.31,15,10563.361346989184,1.0,,
0x082e64e7,0xa9bdf738,29,0x9E669c0A,0x6B175474,0xb760fe1b,0x5041A1C1,1e+18,1.00021748,1.5,2023-05-07 09:30:50.374250+00:00,17.31,15,10563.361346989184,1.0,,
0x07f758fb,0xe8249a10,14,0x9E669c0A,0x6B175474,0xb760fe1b,0x9b55D80A,1e+18,1.00021748,1.5,2023-05-07 09:30:50.374250+00:00,17.31,15,10563.361346989184,1.0,,
0x9cb60729,0x72b0d6a6,17,0x9E669c0A,0x6B175474,0xb760fe1b,0x7e1F8358,1e+18,1.00021748,1.5,2023-05-07 09:30:50.374250+00:00,17.31,15,10563.361346989184,1.0,,
0xb316dadc,0x8d6f0c7b,3,0x9E669c0A,0x6B175474,0xb2d60143,0x808DB7C1,1e+19,9.9877445,1.5,2023-05-07 13:49:28.328134+00:00,33.26,15,5283.368339220287,1.0,3.0,1.0
0x2bb0ecf4,0xe6424ab2,22,0x9E669c0A,0x6B175474,0xb2d60143,0x8110d1D0,2.5e+19,24.96936125,1.5,2023-05-07 13:49:28.328134+00:00,33.26,15,5283.368339220287,1.0,3.0,1.0
0xdbac59a3,0xa9bdf738,29,0x9E669c0A,0x6B175474,0xb2d60143,0x5041A1C1,2.5e+19,24.96936125,1.5,2023-05-07 13:49:28.328134+00:00,33.26,15,5283.368339220287,1.0,3.0,1.0
0x365c3b2e,0xe8249a10,14,0x9E669c0A,0x6B175474,0xb2d60143,0x9b55D80A,2.5e+19,24.96936125,1.5,2023-05-07 13:49:28.328134+00:00,33.26,15,5283.368339220287,1.0,3.0,1.0
0xd56f22b3,0xe6424ab2,22,0x9E669c0A,0x6B175474,0xdfbecc0b,0x8110d1D0,1e+18,0.99877445,1.0,2023-04-25 22:13:21.473491+00:00,17.83,15,,,,
0x29e39d30,0xa9bdf738,29,0x9E669c0A,0x6B175474,0xdfbecc0b,0x5041A1C1,1e+18,0.99877445,1.0,2023-04-25 22:13:21.473491+00:00,17.83,15,,,,
0xee8a489d,0xdd9b885d,13,0x9E669c0A,0x00000000,0x4b2f6d3a,0x75D923fB,3000000000000000.0,5.74747479,1.0,2023-04-24 20:12:41.581966+00:00,34.61,15,,,,
0x322cc3a0,0xf1f4942d,24,0x9E669c0A,0x00000000,0x4b2f6d3a,0x4f8c531d,3000000000000000.0,5.74747479,1.0,2023-04-24 20:12:41.581966+00:00,34.61,15,,,,
0x3f16b271,0x64a30a4b,19,0x9E669c0A,0x00000000,0x4b2f6d3a,0xA26d6AEB,3000000000000000.0,5.74747479,1.0,2023-04-24 20:12:41.581966+00:00,34.61,15,,,,
0x6c9babe1,0x4cd41869,25,0x9E669c0A,0x00000000,0x4b2f6d3a,0xBEC643BD,3000000000000000.0,5.74747479,1.0,2023-04-24 20:12:41.581966+00:00,34.61,15,,,,
0xae5e45eb,0x8d6f0c7b,3,0x9E669c0A,0x00000000,0x4b2f6d3a,0x808DB7C1,3000000000000000.0,5.74747479,1.0,2023-04-24 20:12:41.581966+00:00,34.61,15,,,,
0xc50f9c2b,0xec026845,16,0x9E669c0A,0x00000000,0xb10dd042,0x45b79C6b,5500000000000000.0,10.69337731,1.0,2023-04-26 10:58:12.308023+00:00,21.58,15,,,,
0xf292f6b4,0xe6424ab2,22,0x9E669c0A,0x00000000,0x33878e07,0x8110d1D0,2200000000000000.0,4.29503514,1.5,2023-04-24 19:55:54.572737+00:00,43.05,15,120.8544589760862,1.0,,
0xb2d5d81a,0xa9bdf738,29,0x9E669c0A,0x00000000,0x33878e07,0x5041A1C1,2200000000000000.0,4.29503514,1.5,2023-04-24 19:55:54.572737+00:00,43.05,15,120.8544589760862,1.0,,
0xf792b232,0x8d6f0c7b,3,0x9E669c0A,0x00000000,0x33878e07,0x808DB7C1,2200000000000000.0,4.29503514,1.5,2023-04-24 19:55:54.572737+00:00,43.05,15,120.8544589760862,1.0,,
0x58adcfbb,0x4cd41869,25,0x9E669c0A,0x00000000,0xf1fd2aa4,0xBEC643BD,5320000000000000.0,9.85910637,1.0,2023-05-07 20:53:16.585185+00:00,15.64,15,,,,
0xac7251c3,0x4cd41869,25,0x9E669c0A,0x00000000,0x8f4ad500,0xBEC643BD,1.2e+16,22.37211263,1.0,2023-04-26 19:22:31.826282+00:00,25.54,15,,,,
0x0ec7ff39,0xe6424ab2,22,0x9E669c0A,0x00000000,0x8f4ad500,0x8110d1D0,1000000000000000.0,1.86434271,1.0,2023-04-26 19:22:31.826282+00:00,25.54,15,,,,
0xc04bccfa,0xa9bdf738,29,0x9E669c0A,0x00000000,0x1626255e,0x5041A1C1,7000000000000000.0,13.18763285,1.0,2023-04-27 08:25:52.949301+00:00,17.52,15,,,,
0xb0f77055,0x97589cd1,7,0x9E669c0A,0x00000000,0xf632ce27,0x0035cC37,1e+16,19.12383742,1.0,2023-04-27 19:52:46.782213+00:00,39.39,15,,,,
0xbd530705,0xe6424ab2,22,0x9E669c0A,0x00000000,0xf632ce27,0x8110d1D0,5000000000000000.0,9.56191871,1.0,2023-04-27 19:52:46.782213+00:00,39.39,15,,,,
0x7f27fb26,0xa9bdf738,29,0x9E669c0A,0x00000000,0xf632ce27,0x5041A1C1,5000000000000000.0,9.56191871,1.0,2023-04-27 19:52:46.782213+00:00,39.39,15,,,,
0x89e8a546,0x10b3f00e,28,0x9E669c0A,0x00000000,0x01d3a04a,0x69e001B7,5000000000000000.0,9.56404907,1.0,2023-04-28 07:47:32.404682+00:00,22.43,15,,,,
0x55fed50c,0x5351510d,2,0x9E669c0A,0x00000000,0x7ab13936,0x9bcF35BD,1700000000000000.0,3.25177668,1.0,2023-04-28 08:14:26.884943+00:00,22.97,15,,,,
0xe8d6d0b1,0x23387567,9,0x9E669c0A,0x00000000,0x7ab13936,0xbbD107D7,1700000000000000.0,3.25177668,1.0,2023-04-28 08:14:26.884943+00:00,22.97,15,,,,
0x1646a78b,0x97589cd1,7,0x9E669c0A,0x00000000,0x7ab13936,0x0035cC37,1700000000000000.0,3.25177668,1.0,2023-04-28 08:14:26.884943+00:00,22.97,15,,,,
0xcb9e856f,0x97589cd1,7,0x9E669c0A,0x00000000,0x8b5d7121,0x0035cC37,1500000000000000.0,2.86921472,1.0,2023-04-28 08:18:18.959214+00:00,24.32,15,,,,
0x7e599ae2,0xa9bdf738,29,0x9E669c0A,0x00000000,0x8b5d7121,0x5041A1C1,1500000000000000.0,2.86921472,1.0,2023-04-28 08:18:18.959214+00:00,24.32,15,,,,
0x98be0cb1,0x10b3f00e,28,0x9E669c0A,0x00000000,0x8b5d7121,0x69e001B7,1500000000000000.0,2.86921472,1.0,2023-04-28 08:18:18.959214+00:00,24.32,15,,,,
0x61b5745a,0xdd9b885d,13,0x9E669c0A,0x00000000,0x8b5d7121,0x75D923fB,1500000000000000.0,2.86921472,1.0,2023-04-28 08:18:18.959214+00:00,24.32,15,,,,
0xb4c5bb96,0x4cd41869,25,0x9E669c0A,0x00000000,0xb9d795b5,0xBEC643BD,1000000000000000.0,1.90690299,1.0,2023-05-04 13:15:15.444808+00:00,18.14,15,,,,
0x9495ce94,0x4cd41869,25,0x9E669c0A,0x00000000,0x8bf1c501,0xBEC643BD,1000000000000000.0,1.90690299,1.0,2023-04-28 09:31:38.391287+00:00,15.32,15,,,,
0xa38cf7b0,0x4cd41869,25,0x9E669c0A,0x00000000,0xd1ddd31c,0xBEC643BD,2500000000000000.0,4.76725749,1.0,2023-04-28 09:12:59.081446+00:00,15.22,15,,,,
0xd347c2fb,0xf1f4942d,24,0x9E669c0A,0x00000000,0x84ad6912,0x4f8c531d,2000000000000000.0,3.80607954,1.0,2023-04-28 10:00:46.608206+00:00,24.32,15,,,,
0xa5a7e9f8,0xe8249a10,14,0x9E669c0A,0x00000000,0x84ad6912,0x9b55D80A,2000000000000000.0,3.80607954,1.0,2023-04-28 10:00:46.608206+00:00,24.32,15,,,,
0xcf902f0c,0xa9bdf738,29,0x9E669c0A,0x00000000,0x84ad6912,0x5041A1C1,2000000000000000.0,3.80607954,1.0,2023-04-28 10:00:46.608206+00:00,24.32,15,,,,
0x4cf02d6d,0xf1f4942d,24,0x9E669c0A,0x00000000,0x84ad6912,0x4f8c531d,2000000000000000.0,3.80607954,1.0,2023-04-28 10:00:46.608206+00:00,24.32,15,,,,
0xfa44e4b3,0xe8249a10,14,0x9E669c0A,0x00000000,0x84ad6912,0x9b55D80A,2000000000000000.0,3.80607954,1.0,2023-04-28 10:00:46.608206+00:00,24.32,15,,,,
0x25b6210d,0xa9bdf738,29,0x9E669c0A,0x00000000,0x84ad6912,0x5041A1C1,2000000000000000.0,3.80607954,1.0,2023-04-28 10:00:46.608206+00:00,24.32,15,,,,
0x43ee9adf,0x8d6f0c7b,3,0x9E669c0A,0x00000000,0xda13146a,0x808DB7C1,2100000000000000.0,3.99638352,1.0,2023-04-28 01:53:00.282238+00:00,22.54,15,,,,
0xee0bcc6e,0xa9bdf738,29,0x9E669c0A,0x00000000,0xda13146a,0x5041A1C1,2100000000000000.0,3.99638352,1.0,2023-04-28 01:53:00.282238+00:00,22.54,15,,,,
0xaa28310c,0x97589cd1,7,0x9E669c0A,0x00000000,0xda13146a,0x0035cC37,2100000000000000.0,3.99638352,1.0,2023-04-28 01:53:00.282238+00:00,22.54,15,,,,
0x13164c0b,0xe6424ab2,22,0x9E669c0A,0x00000000,0xef22a550,0x8110d1D0,5000000000000000.0,9.45525399,1.0,2023-05-08 13:22:18.121530+00:00,16.16,15,,,,
0xb71438cb,0xec026845,16,0x9E669c0A,0x00000000,0xef22a550,0x45b79C6b,5000000000000000.0,9.45525399,1.0,2023-05-08 13:22:18.121530+00:00,16.16,15,,,,
0x8cfced82,0x5351510d,2,0x9E669c0A,0x00000000,0xef22a550,0x9bcF35BD,5000000000000000.0,9.45525399,1.0,2023-05-08 13:22:18.121530+00:00,16.16,15,,,,
0x140f920d,0xe6424ab2,22,0x9E669c0A,0x00000000,0xde2be7c9,0x8110d1D0,1e+16,18.92474287,1.5,2023-04-28 17:36:02.403380+00:00,15.43,15,50.48043725292471,1.0,,
0x02f23ce6,0x8d6f0c7b,3,0x9E669c0A,0x00000000,0xde2be7c9,0x808DB7C1,1e+16,18.92474287,1.5,2023-04-28 17:36:02.403380+00:00,15.43,15,50.48043725292471,1.0,,
0x6587a844,0x72b0d6a6,17,0x9E669c0A,0x00000000,0xde2be7c9,0x7e1F8358,1e+16,18.92474287,1.5,2023-04-28 17:36:02.403380+00:00,15.43,15,50.48043725292471,1.0,,
0x8c75f2be,0xf1f4942d,24,0x9E669c0A,0x00000000,0xde2be7c9,0x4f8c531d,1e+16,18.92474287,1.5,2023-04-28 17:36:02.403380+00:00,15.43,15,50.48043725292471,1.0,,
0xd0c532c8,0xec026845,16,0x9E669c0A,0x00000000,0x7ee9033a,0x45b79C6b,2e+16,38.11634967,1.5,2023-04-29 20:07:34.998885+00:00,15.74,15,,,5.0,1.0
0x1d684040,0x4cd41869,25,0x9E669c0A,0x00000000,0xc9b390c1,0xBEC643BD,1000000000000000.0,1.9047135,1.0,2023-04-30 06:25:38.488742+00:00,16.16,15,,,,
0x74c047af,0x23387567,9,0x9E669c0A,0x00000000,0xb08f0ca7,0xbbD107D7,2e+17,379.20369,1.5,2023-05-01 20:55:51.964215+00:00,36.72,15,4483.885742428803,1.0,,
0xe3967215,0x64a30a4b,19,0x9E669c0A,0x00000000,0xb08f0ca7,0xA26d6AEB,1e+17,189.601845,1.5,2023-05-01 20:55:51.964215+00:00,36.72,15,4483.885742428803,1.0,,
0xcd61ec0c,0xe6424ab2,22,0x9E669c0A,0x00000000,0xb08f0ca7,0x8110d1D0,1e+17,189.601845,1.5,2023-05-01 20:55:51.964215+00:00,36.72,15,4483.885742428803,1.0,,
0xd8bd2eeb,0x8d6f0c7b,3,0x9E669c0A,0x00000000,0xb08f0ca7,0x808DB7C1,2500000000000000.0,4.74004612,1.5,2023-05-01 20:55:51.964215+00:00,36.72,15,4483.885742428803,1.0,,
0x39c10b59,0xa9bdf738,29,0x9E669c0A,0x00000000,0xb08f0ca7,0x5041A1C1,2500000000000000.0,4.74004612,1.5,2023-05-01 20:55:51.964215+00:00,36.72,15,4483.885742428803,1.0,,
0xc1b5db26,0xe8249a10,14,0x9E669c0A,0x00000000,0xb08f0ca7,0x9b55D80A,2500000000000000.0,4.74004612,1.5,2023-05-01 20:55:51.964215+00:00,36.72,15,4483.885742428803,1.0,,
0x55aa6025,0xec026845,16,0x9E669c0A,0x00000000,0xb08f0ca7,0x45b79C6b,2500000000000000.0,4.74004612,1.5,2023-05-01 20:55:51.964215+00:00,36.72,15,4483.885742428803,1.0,,
0xccfcc121,0x97589cd1,7,0x9E669c0A,0x00000000,0xb08f0ca7,0x0035cC37,2500000000000000.0,4.74004612,1.5,2023-05-01 20:55:51.964215+00:00,36.72,15,4483.885742428803,1.0,,
0x15ed0804,0x23387567,9,0x9E669c0A,0x00000000,0xb08f0ca7,0xbbD107D7,3e+17,565.6513221,1.5,2023-05-01 20:55:51.964215+00:00,36.72,15,4483.885742428803,1.0,,
0x6eac8abd,0xf1f4942d,24,0x9E669c0A,0x00000000,0x364f0ad6,0x4f8c531d,5e+16,92.60197666,1.0,2023-04-26 11:49:26.763210+00:00,25.03,15,,,,
0x949a1590,0xdd9b885d,13,0x9E669c0A,0x00000000,0x684ce401,0x75D923fB,6e+16,110.906553,1.0,2023-05-09 04:21:22.080446+00:00,15.75,15,,,,
0x64936c89,0x8d6f0c7b,3,0x9E669c0A,0x00000000,0x4c9f98b5,0x808DB7C1,5700000000000000.0,10.46405221,1.0,2023-04-29 16:20:18.325246+00:00,15.75,15,,,,
0x3b9cd22c,0xdd9b885d,13,0x9E669c0A,0x00000000,0xae6ef687,0x75D923fB,2e+16,36.61663932,1.0,2023-05-09 13:32:18.431832+00:00,40.48,15,,,,
0x811dfc8f,0x4cd41869,25,0x9E669c0A,0x00000000,0xae6ef687,0xBEC643BD,2e+16,36.61663932,1.0,2023-05-09 13:32:18.431832+00:00,40.48,15,,,,
0xf72239dc,0xdd9b885d,13,0x9E669c0A,0x00000000,0x109991e3,0x75D923fB,5e+17,936.5458611,1.0,2023-05-03 18:20:49.927113+00:00,19.5,15,,,,
0xb8f8e2aa,0xdd9b885d,13,0x9E669c0A,0x00000000,0x434f5325,0x75D923fB,1e+16,19.04844491,1.5,2023-05-03 23:55:07.361025+00:00,23.56,15,,,2.0,1.0
0x966dbdd6,0x64a30a4b,19,0x9E669c0A,0x00000000,0x434f5325,0xA26d6AEB,1e+16,19.04844491,1.5,2023-05-03 23:55:07.361025+00:00,23.56,15,,,2.0,1.0
0xcc332daa,0xec026845,16,0x9E669c0A,0x00000000,0x434f5325,0x45b79C6b,1e+16,19.04844491,1.5,2023-05-03 23:55:07.361025+00:00,23.56,15,,,2.0,1.0
0xba4c1a3f,0x97589cd1,7,0x9E669c0A,0x00000000,0x434f5325,0x0035cC37,1e+16,19.04844491,1.5,2023-05-03 23:55:07.361025+00:00,23.56,15,,,2.0,1.0
0x9181a3b2,0xf1f4942d,24,0x9E669c0A,0x00000000,0x434f5325,0x4f8c531d,1e+16,19.04844491,1.5,2023-05-03 23:55:07.361025+00:00,23.56,15,,,2.0,1.0
0x02c61a92,0xe6424ab2,22,0x9E669c0A,0x00000000,0x434f5325,0x8110d1D0,1e+16,19.04844491,1.5,2023-05-03 23:55:07.361025+00:00,23.56,15,,,2.0,1.0
0x2e01b9f3,0xa9bdf738,29,0x9E669c0A,0x00000000,0x434f5325,0x5041A1C1,1e+16,19.04844491,1.5,2023-05-03 23:55:07.361025+00:00,23.56,15,,,2.0,1.0
0x4bc28998,0xe8249a10,14,0x9E669c0A,0x00000000,0x434f5325,0x9b55D80A,1e+16,19.04844491,1.5,2023-05-03 23:55:07.361025+00:00,23.56,15,,,2.0,1.0
0x6148f179,0x8d6f0c7b,3,0x9E669c0A,0x00000000,0x434f5325,0x808DB7C1,1e+16,19.04844491,1.5,2023-05-03 23:55:07.361025+00:00,23.56,15,,,2.0,1.0
0x5a7fabe5,0xe6424ab2,22,0x9E669c0A,0x00000000,0xaedf9a1f,0x8110d1D0,5500000000000000.0,10.4533511,1.0,2023-05-04 08:46:00.263847+00:00,15.22,15,,,,
0xb3495eb0,0xe6424ab2,22,0x9E669c0A,0x00000000,0xb9b37535,0x8110d1D0,5500000000000000.0,10.51313611,1.0,2023-05-04 09:31:35.306785+00:00,16.89,15,,,,
0x8e613999,0x64a30a4b,19,0x9E669c0A,0x00000000,0x3b067af8,0xA26d6AEB,3000000000000000.0,5.68897744,1.5,2023-05-01 19:53:20.585184+00:00,43.88,15,102.16338606243008,1.0,-1.0,1.0
0x1253825e,0xe6424ab2,22,0x9E669c0A,0x00000000,0x3b067af8,0x8110d1D0,3000000000000000.0,5.68897744,1.5,2023-05-01 19:53:20.585184+00:00,43.88,15,102.16338606243008,1.0,-1.0,1.0
0x2e91e2d4,0x72b0d6a6,17,0x9E669c0A,0x00000000,0x3b067af8,0x7e1F8358,3000000000000000.0,5.68897744,1.5,2023-05-01 19:53:20.585184+00:00,43.88,15,102.16338606243008,1.0,-1.0,1.0
0x5987d7ca,0x97589cd1,7,0x9E669c0A,0x00000000,0x3b067af8,0x0035cC37,3000000000000000.0,5.68897744,1.5,2023-05-01 19:53:20.585184+00:00,43.88,15,102.16338606243008,1.0,-1.0,1.0
0x4ce3c90c,0xa9bdf738,29,0x9E669c0A,0x00000000,0x3b067af8,0x5041A1C1,3000000000000000.0,5.68897744,1.5,2023-05-01 19:53:20.585184+00:00,43.88,15,102.16338606243008,1.0,-1.0,1.0
0x9e87891b,0x8d6f0c7b,3,0x9E669c0A,0x00000000,0x3b067af8,0x808DB7C1,3000000000000000.0,5.68897744,1.5,2023-05-01 19:53:20.585184+00:00,43.88,15,102.16338606243008,1.0,-1.0,1.0
0x255f4209,0x4cd41869,25,0x9E669c0A,0x00000000,0x3b067af8,0xBEC643BD,3000000000000000.0,5.68897744,1.5,2023-05-01 19:53:20.585184+00:00,43.88,15,102.16338606243008,1.0,-1.0,1.0
0x769958d0,0x10b3f00e,28,0x9E669c0A,0x00000000,0x3b067af8,0x69e001B7,3000000000000000.0,5.68897744,1.5,2023-05-01 19:53:20.585184+00:00,43.88,15,102.16338606243008,1.0,-1.0,1.0
0x72b5433c,0x5351510d,2,0x9E669c0A,0x00000000,0x3b067af8,0x9bcF35BD,3000000000000000.0,5.68897744,1.5,2023-05-01 19:53:20.585184+00:00,43.88,15,102.16338606243008,1.0,-1.0,1.0
0xe5227fd6,0xc401c980,6,0x9E669c0A,0x00000000,0x3b067af8,0x9390fA86,3000000000000000.0,5.68897744,1.5,2023-05-01 19:53:20.585184+00:00,43.88,15,102.16338606243008,1.0,-1.0,1.0
0xd04d5b92,0xcf3165f4,10,0x9E669c0A,0x00000000,0x3b067af8,0x7f3eb18E,3000000000000000.0,5.68897744,1.5,2023-05-01 19:53:20.585184+00:00,43.88,15,102.16338606243008,1.0,-1.0,1.0
0x084d4f2b,0xe8249a10,14,0x9E669c0A,0x00000000,0x3b067af8,0x9b55D80A,3000000000000000.0,5.68897744,1.5,2023-05-01 19:53:20.585184+00:00,43.88,15,102.16338606243008,1.0,-1.0,1.0
0xd01049a0,0x23387567,9,0x9E669c0A,0x00000000,0x3b067af8,0xbbD107D7,3000000000000000.0,5.68897744,1.5,2023-05-01 19:53:20.585184+00:00,43.88,15,102.16338606243008,1.0,-1.0,1.0
0x212d6890,0xf1f4942d,24,0x9E669c0A,0x00000000,0x3b067af8,0x4f8c531d,3000000000000000.0,5.68897744,1.5,2023-05-01 19:53:20.585184+00:00,43.88,15,102.16338606243008,1.0,-1.0,1.0
0x3d2eed56,0xec026845,16,0x9E669c0A,0x00000000,0x3b067af8,0x45b79C6b,3000000000000000.0,5.68897744,1.5,2023-05-01 19:53:20.585184+00:00,43.88,15,102.16338606243008,1.0,-1.0,1.0
0x3e42558e,0xdd9b885d,13,0x9E669c0A,0x00000000,0x3b067af8,0x75D923fB,3000000000000000.0,5.68897744,1.5,2023-05-01 19:53:20.585184+00:00,43.88,15,102.16338606243008,1.0,-1.0,1.0
0xea0b4c6f,0x4cd41869,25,0x9E669c0A,0x00000000,0xcca02de5,0xBEC643BD,1e+16,19.05872438,1.0,2023-04-25 14:34:20.421974+00:00,25.34,15,,,,
0x0280aec9,0x97589cd1,7,0x9E669c0A,0x00000000,0xc46c67bb,0x0035cC37,4000000000000000.0,7.4458385,1.5,2023-05-09 15:53:14.398993+00:00,50.98,15,15565.761361488372,1.0,,
0x7b71534f,0xe6424ab2,22,0x9E669c0A,0x00000000,0xc46c67bb,0x8110d1D0,4000000000000000.0,7.4458385,1.5,2023-05-09 15:53:14.398993+00:00,50.98,15,15565.761361488372,1.0,,
0x870cb76c,0x8d6f0c7b,3,0x9E669c0A,0x00000000,0xc46c67bb,0x808DB7C1,4000000000000000.0,7.4458385,1.5,2023-05-09 15:53:14.398993+00:00,50.98,15,15565.761361488372,1.0,,
0xacdddc5c,0xe8249a10,14,0x9E669c0A,0x00000000,0xc46c67bb,0x9b55D80A,4000000000000000.0,7.4458385,1.5,2023-05-09 15:53:14.398993+00:00,50.98,15,15565.761361488372,1.0,,
0x470855d3,0x64a30a4b,19,0x9E669c0A,0x00000000,0xc46c67bb,0xA26d6AEB,4000000000000000.0,7.4458385,1.5,2023-05-09 15:53:14.398993+00:00,50.98,15,15565.761361488372,1.0,,
0xc3497d3c,0xec026845,16,0x9E669c0A,0x6B175474,0xcf79c7ea,0x45b79C6b,1e+19,10.0011329,1.5,2023-04-25 17:03:45.627914+00:00,28.46,15,14385.066301293544,1.0,,
0x6b363075,0x97589cd1,7,0x9E669c0A,0x6B175474,0xcf79c7ea,0x0035cC37,1e+19,10.0011329,1.5,2023-04-25 17:03:45.627914+00:00,28.46,15,14385.066301293544,1.0,,
0x50da3b34,0xe6424ab2,22,0x9E669c0A,0x6B175474,0xcf79c7ea,0x8110d1D0,1e+19,10.0011329,1.5,2023-04-25 17:03:45.627914+00:00,28.46,15,14385.066301293544,1.0,,
0xb41fb43c,0xe8249a10,14,0x9E669c0A,0x6B175474,0xcf79c7ea,0x9b55D80A,1e+19,10.0011329,1.5,2023-04-25 17:03:45.627914+00:00,28.46,15,14385.066301293544,1.0,,
0x1aacb217,0x5351510d,2,0x9E669c0A,0x6B175474,0xcf79c7ea,0x9bcF35BD,1e+19,10.0011329,1.5,2023-04-25 17:03:45.627914+00:00,28.46,15,14385.066301293544,1.0,,
0x88654a26,0xa9bdf738,29,0x9E669c0A,0x6B175474,0xcf79c7ea,0x5041A1C1,1e+19,10.0011329,1.5,2023-04-25 17:03:45.627914+00:00,28.46,15,14385.066301293544,1.0,,
0x6abcf7c2,0x8d6f0c7b,3,0x9E669c0A,0x6B175474,0xcf79c7ea,0x808DB7C1,1e+19,10.0011329,1.5,2023-04-25 17:03:45.627914+00:00,28.46,15,14385.066301293544,1.0,,
0x0e472fdb,0x23387567,9,0x9E669c0A,0x6B175474,0xcf79c7ea,0xbbD107D7,1e+19,10.0011329,1.5,2023-04-25 17:03:45.627914+00:00,28.46,15,14385.066301293544,1.0,,
0xb9f5df8b,0xdd9b885d,13,0x9E669c0A,0x6B175474,0xcf79c7ea,0x75D923fB,1e+19,10.0011329,1.5,2023-04-25 17:03:45.627914+00:00,28.46,15,14385.066301293544,1.0,,
0xc8125d99,0x72b0d6a6,17,0x9E669c0A,0x6B175474,0xcf79c7ea,0x7e1F8358,1e+19,10.0011329,1.5,2023-04-25 17:03:45.627914+00:00,28.46,15,14385.066301293544,1.0,,
0xae705142,0x64a30a4b,19,0x9E669c0A,0x6B175474,0xcf79c7ea,0xA26d6AEB,1e+19,10.0011329,1.5,2023-04-25 17:03:45.627914+00:00,28.46,15,14385.066301293544,1.0,,
0x4c8b5885,0xe6424ab2,22,0x9E669c0A,0x6B175474,0x4194ce73,0x8110d1D0,5e+18,5.00292755,1.5,2023-05-08 14:26:04.781135+00:00,26.99,15,684.3300281947943,1.0,,
0x9a0e5796,0xe8249a10,14,0x9E669c0A,0x6B175474,0x4194ce73,0x9b55D80A,5e+18,5.00292755,1.5,2023-05-08 14:26:04.781135+00:00,26.99,15,684.3300281947943,1.0,,
0xbe059263,0x10b3f00e,28,0x9E669c0A,0x6B175474,0xf8d1d349,0x69e001B7,6e+18,5.9988558,1.5,2023-05-08 13:30:31.187368+00:00,55.06,15,18635.44957464449,1.0,,
0xc9402817,0x8d6f0c7b,3,0x9E669c0A,0x6B175474,0xf8d1d349,0x808DB7C1,6e+18,5.9988558,1.5,2023-05-08 13:30:31.187368+00:00,55.06,15,18635.44957464449,1.0,,
0xd9a49e82,0xe8249a10,14,0x9E669c0A,0x6B175474,0xf8d1d349,0x9b55D80A,6e+18,5.9988558,1.5,2023-05-08 13:30:31.187368+00:00,55.06,15,18635.44957464449,1.0,,
0x059e0d82,0xe6424ab2,22,0x9E669c0A,0x6B175474,0xf8d1d349,0x8110d1D0,6e+18,5.9988558,1.5,2023-05-08 13:30:31.187368+00:00,55.06,15,18635.44957464449,1.0,,
0x74c6ab35,0x64a30a4b,19,0x9E669c0A,0x6B175474,0xf8d1d349,0xA26d6AEB,6e+18,5.9988558,1.5,2023-05-08 13:30:31.187368+00:00,55.06,15,18635.44957464449,1.0,,
0x3ee31805,0x97589cd1,7,0x9E669c0A,0x6B175474,0xf8d1d349,0x0035cC37,6e+18,5.9988558,1.5,2023-05-08 13:30:31.187368+00:00,55.06,15,18635.44957464449,1.0,,
0x16e3593a,0xa9bdf738,29,0x9E669c0A,0x6B175474,0xf8d1d349,0x5041A1C1,6e+18,5.9988558,1.5,2023-05-08 13:30:31.187368+00:00,55.06,15,18635.44957464449,1.0,,
0x21c7bd88,0xf1f4942d,24,0x9E669c0A,0x6B175474,0x4f8c531d,0x4f8c531d,5e+19,49.955538,1.0,2023-05-09 03:55:24.807434+00:00,50.45,15,,,,
0x5960ca51,0xa9bdf738,29,0x9E669c0A,0x6B175474,0x2dd2036c,0x5041A1C1,8e+18,7.99288608,1.0,2023-05-05 14:51:50.987744+00:00,37.23,15,,,,
0x0e0d4ba4,0xe8249a10,14,0x9E669c0A,0x6B175474,0x2dd2036c,0x9b55D80A,8e+18,7.99288608,1.0,2023-05-05 14:51:50.987744+00:00,37.23,15,,,,
0x891e9e42,0xe6424ab2,22,0x9E669c0A,0x6B175474,0x2dd2036c,0x8110d1D0,8e+18,7.99288608,1.0,2023-05-05 14:51:50.987744+00:00,37.23,15,,,,
0xb3303410,0x72b0d6a6,17,0x9E669c0A,0x6B175474,0x2dd2036c,0x7e1F8358,3e+18,2.99733228,1.0,2023-05-05 14:51:50.987744+00:00,37.23,15,,,,
0x63cb2b8e,0xec026845,16,0x9E669c0A,0x6B175474,0x2dd2036c,0x45b79C6b,3e+18,2.99733228,1.0,2023-05-05 14:51:50.987744+00:00,37.23,15,,,,
0xee73d492,0xe8249a10,14,0x9E669c0A,0x6B175474,0x9885a849,0x9b55D80A,3e+18,3.00019623,1.5,2023-05-09 13:05:05.117848+00:00,52.99,15,1210.9159861779967,1.0,,
0xd6961c2e,0xe6424ab2,22,0x9E669c0A,0x6B175474,0x9885a849,0x8110d1D0,3e+18,3.00019623,1.5,2023-05-09 13:05:05.117848+00:00,52.99,15,1210.9159861779967,1.0,,
0x262142d2,0x8d6f0c7b,3,0x9E669c0A,0x6B175474,0x9885a849,0x808DB7C1,3e+18,3.00019623,1.5,2023-05-09 13:05:05.117848+00:00,52.99,15,1210.9159861779967,1.0,,
0x0298bcbe,0xa9bdf738,29,0x9E669c0A,0x6B175474,0x9885a849,0x5041A1C1,3e+18,3.00019623,1.5,2023-05-09 13:05:05.117848+00:00,52.99,15,1210.9159861779967,1.0,,
0xf2a971bb,0x97589cd1,7,0x9E669c0A,0x6B175474,0x9885a849,0x0035cC37,3e+18,3.00019623,1.5,2023-05-09 13:05:05.117848+00:00,52.99,15,1210.9159861779967,1.0,,
0x37d61712,0x4cd41869,25,0x9E669c0A,0x6B175474,0xc6122110,0xBEC643BD,2e+19,20.0013082,1.0,2023-04-25 14:31:43.214806+00:00,23.67,15,,,,
0xa55c6fed,0xe6424ab2,22,0x9E669c0A,0x00000000,0x9f55abf3,0x8110d1D0,806000000000000.0,1.49944528,1.5,2023-04-25 21:59:19.492293+00:00,30.13,15,149.74461286482864,1.0,,
0xe0b2c008,0x23387567,9,0x9E669c0A,0x00000000,0x9f55abf3,0xbbD107D7,806000000000000.0,1.49944528,1.5,2023-04-25 21:59:19.492293+00:00,30.13,15,149.74461286482864,1.0,,
0xc5bb1d6e,0xe8249a10,14,0x9E669c0A,0x00000000,0x4318cc44,0x9b55D80A,6600000000000000.0,12.34688337,1.5,2023-04-26 08:47:47.918503+00:00,46.4,15,60.87250794532516,1.0,2.0,1.0
0x303587af,0x8d6f0c7b,3,0x9E669c0A,0x00000000,0x4318cc44,0x808DB7C1,6600000000000000.0,12.34688337,1.5,2023-04-26 08:47:47.918503+00:00,46.4,15,60.87250794532516,1.0,2.0,1.0
0x98f8bb53,0x72b0d6a6,17,0x9E669c0A,0x00000000,0x4318cc44,0x7e1F8358,6600000000000000.0,12.34688337,1.5,2023-04-26 08:47:47.918503+00:00,46.4,15,60.87250794532516,1.0,2.0,1.0
0x015f135f,0x10b3f00e,28,0x9E669c0A,0x00000000,0x4318cc44,0x69e001B7,6600000000000000.0,12.34688337,1.5,2023-04-26 08:47:47.918503+00:00,46.4,15,60.87250794532516,1.0,2.0,1.0
0xac67d9ac,0x23387567,9,0x9E669c0A,0x00000000,0x66df5a77,0xbbD107D7,1e+16,18.70739905,1.5,2023-04-25 06:35:45.820988+00:00,22.42,15,3821.6423620183855,1.0,,
0xe52a3761,0xec026845,16,0x9E669c0A,0x00000000,0x66df5a77,0x45b79C6b,1e+16,18.70739905,1.5,2023-04-25 06:35:45.820988+00:00,22.42,15,3821.6423620183855,1.0,,
0x966844e0,0xa9bdf738,29,0x9E669c0A,0x00000000,0x66df5a77,0x5041A1C1,1e+16,18.70739905,1.5,2023-04-25 06:35:45.820988+00:00,22.42,15,3821.6423620183855,1.0,,
0x61133c1d,0xdd9b885d,13,0x9E669c0A,0x00000000,0x66df5a77,0x75D923fB,1e+16,18.70739905,1.5,2023-04-25 06:35:45.820988+00:00,22.42,15,3821.6423620183855,1.0,,
0xcfec34c9,0x64a30a4b,19,0x9E669c0A,0x00000000,0x6b5918d8,0xA26d6AEB,5000000000000000.0,9.35369952,1.0,2023-05-02 17:30:10.593477+00:00,19.28,15,,,,
0xf624bbb5,0x64a30a4b,19,0x9E669c0A,0x00000000,0xf754ebcf,0xA26d6AEB,5000000000000000.0,9.27532079,1.0,2023-05-08 12:11:21.794647+00:00,16.99,15,,,,
0x24388f7b,0x8d6f0c7b,3,0x9E669c0A,0x00000000,0xcb1b704c,0x808DB7C1,600000000000000.0,1.11549067,1.0,2023-05-09 07:32:18.807675+00:00,30.83,15,,,,
0x8918c955,0xe6424ab2,22,0x9E669c0A,0x00000000,0xcb1b704c,0x8110d1D0,600000000000000.0,1.11549067,1.0,2023-05-09 07:32:18.807675+00:00,30.83,15,,,,
0xaa3e14c9,0xe8249a10,14,0x9E669c0A,0x00000000,0x0f465406,0x9b55D80A,1.5e+16,27.88726686,1.5,2023-04-25 10:38:04.558907+00:00,38.57,15,1526.260043239338,1.0,,
0x63f05516,0x4cd41869,25,0x9E669c0A,0x00000000,0x114b242d,0xBEC643BD,3.1e+16,57.15940139,1.0,2023-05-08 15:58:08.892391+00:00,41.08,15,,,,
0x755577ca,0x64a30a4b,19,0x9E669c0A,0x00000000,0x5658f4b3,0xA26d6AEB,1.34e+16,24.67555543,1.5,2023-05-06 09:19:58.040433+00:00,15.63,15,,,2.0,1.0
0xfad3c681,0x8d6f0c7b,3,0x9E669c0A,0x00000000,0x3e7f0545,0x808DB7C1,3e+16,55.36773843,1.5,2023-04-26 17:21:53.743221+00:00,30.03,15,580.558939790939,1.0,,
0xef2a821d,0x4cd41869,25,0x9E669c0A,0x00000000,0xae45a838,0xBEC643BD,1100000000000000.0,2.0301504,1.0,2023-05-08 23:44:51.002286+00:00,22.0,15,,,,
0xf428953b,0xec026845,16,0x9E669c0A,0x00000000,0xb27daba2,0x45b79C6b,1.5e+16,27.73932944,1.0,2023-05-09 18:43:45.834944+00:00,21.37,15,,,,
0x307881de,0xe6424ab2,22,0x9E669c0A,0x00000000,0x12137de8,0x8110d1D0,1e+16,18.49551775,1.0,2023-05-09 02:46:06.631544+00:00,24.81,15,,,,
0xffcc3841,0x23387567,9,0x9E669c0A,0x00000000,0x12137de8,0xbbD107D7,5000000000000000.0,9.24775887,1.0,2023-05-09 02:46:06.631544+00:00,24.81,15,,,,
0xa57771b2,0xf1f4942d,24,0x9E669c0A,0x00000000,0x12137de8,0x4f8c531d,5000000000000000.0,9.24775887,1.0,2023-05-09 02:46:06.631544+00:00,24.81,15,,,,
0x28ccd407,0x4cd41869,25,0x9E669c0A,0x00000000,0x94e9b636,0xBEC643BD,3.24e+16,59.76990061,1.0,2023-05-07 14:43:32.069981+00:00,18.77,15,,,,
0x6923026a,0x4cd41869,25,0x9E669c0A,0x00000000,0xe38964e8,0xBEC643BD,3.1e+16,57.18725058,1.0,2023-05-09 03:25:28.326276+00:00,19.28,15,,,,
0xf4f03798,0x8d6f0c7b,3,0x9E669c0A,0x00000000,0xe308ee20,0x808DB7C1,820000000000000.0,1.51269501,1.0,2023-05-09 01:49:57.103216+00:00,39.4,15,,,,
0x06ac297a,0xe6424ab2,22,0x9E669c0A,0x00000000,0xe308ee20,0x8110d1D0,820000000000000.0,1.51269501,1.0,2023-05-09 01:49:57.103216+00:00,39.4,15,,,,
0x0f752bee,0xe6424ab2,22,0x9E669c0A,0x00000000,0x04e8e5aa,0x8110d1D0,1.5e+16,27.55380283,1.0,2023-04-25 19:39:10.397120+00:00,16.16,15,,,,
0x72f9720c,0x4cd41869,25,0x9E669c0A,0x00000000,0x04e8e5aa,0xBEC643BD,1.5e+16,27.55380283,1.0,2023-04-25 19:39:10.397120+00:00,16.16,15,,,,
0x711dd49e,0x8d6f0c7b,3,0x9E669c0A,0x00000000,0x04e8e5aa,0x808DB7C1,1.5e+16,27.55380283,1.0,2023-04-25 19:39:10.397120+00:00,16.16,15,,,,
0x2e14e84d,0xa9bdf738,29,0x9E669c0A,0x00000000,0xcee0b5f0,0x5041A1C1,200000000000000.0,0.36889034,1.0,2023-05-10 10:21:57.056577+00:00,19.29,15,,,,
0x1c2c4893,0xcf3165f4,10,0x9E669c0A,0x00000000,0xcee0b5f0,0x7f3eb18E,200000000000000.0,0.36889034,1.0,2023-05-10 10:21:57.056577+00:00,19.29,15,,,,
0xefdbd106,0x64a30a4b,19,0x9E669c0A,0x00000000,0xcee0b5f0,0xA26d6AEB,200000000000000.0,0.36889034,1.0,2023-05-10 10:21:57.056577+00:00,19.29,15,,,,
0x4bc76015,0x8d6f0c7b,3,0x9E669c0A,0x00000000,0xcee0b5f0,0x808DB7C1,200000000000000.0,0.36889034,1.0,2023-05-10 10:21:57.056577+00:00,19.29,15,,,,
0x420d5ff3,0x4cd41869,25,0x9E669c0A,0x00000000,0xcee0b5f0,0xBEC643BD,200000000000000.0,0.36889034,1.0,2023-05-10 10:21:57.056577+00:00,19.29,15,,,,
0x1f8ac179,0xf1f4942d,24,0x9E669c0A,0x00000000,0xcee0b5f0,0x4f8c531d,200000000000000.0,0.36889034,1.0,2023-05-10 10:21:57.056577+00:00,19.29,15,,,,
0x5fbd95e6,0x4cd41869,25,0x9E669c0A,0x00000000,0x89f04f5c,0xBEC643BD,5e+16,92.22258661,1.0,2023-05-02 15:39:06.174917+00:00,26.17,15,,,,
0xb5ddac72,0xec026845,16,0x9E669c0A,0x00000000,0x751747b1,0x45b79C6b,1000000000000000.0,1.8478033,1.0,2023-04-29 04:06:53.015912+00:00,38.89,15,,,,
0xbe5cb7c6,0x4cd41869,25,0x9E669c0A,0x00000000,0x70469299,0xBEC643BD,7000000000000000.0,12.93462312,1.0,2023-05-09 22:36:15.106426+00:00,15.74,15,,,,
0xfd006cb0,0x4cd41869,25,0x9E669c0A,0x00000000,0xab612504,0xBEC643BD,2.7e+16,49.89068918,1.0,2023-05-08 12:04:22.562976+00:00,17.51,15,,,,
0x26e1e300,0x97589cd1,7,0x9E669c0A,0x00000000,0x4405f427,0x0035cC37,1000000000000000.0,1.8478033,1.0,2023-05-09 22:47:57.682680+00:00,29.74,15,,,,
0xa21ca1aa,0xec026845,16,0x9E669c0A,0x00000000,0xcdfbbe10,0x45b79C6b,1000000000000000.0,1.84379262,1.0,2023-05-09 23:03:19.951021+00:00,21.07,15,,,,
0x634b5156,0xf1f4942d,24,0x9E669c0A,0x00000000,0xcdfbbe10,0x4f8c531d,1000000000000000.0,1.84379262,1.0,2023-05-09 23:03:19.951021+00:00,21.07,15,,,,
0x4efa29aa,0xcf3165f4,10,0x9E669c0A,0x00000000,0x410d86e3,0x7f3eb18E,1000000000000000.0,1.84379262,1.0,2023-05-09 23:24:15.932770+00:00,18.04,15,,,,
0x7b5b313f,0x64a30a4b,19,0x9E669c0A,0x00000000,0xb5d64294,0xA26d6AEB,3000000000000000.0,5.53137786,1.0,2023-05-09 23:42:11.672306+00:00,18.04,15,,,,
